[{"model": "admin.logentry", "pk": 1, "fields": {"action_time": "2025-03-04T19:46:46.188Z", "user": 1, "content_type": 7, "object_id": "1", "object_repr": "Keyboards", "action_flag": 1, "change_message": "[{\"added\": {}}]"}}, {"model": "admin.logentry", "pk": 2, "fields": {"action_time": "2025-03-04T19:46:48.505Z", "user": 1, "content_type": 10, "object_id": "1", "object_repr": "1+1 TKL", "action_flag": 1, "change_message": "[{\"added\": {}}]"}}, {"model": "admin.logentry", "pk": 3, "fields": {"action_time": "2025-03-04T19:47:08.682Z", "user": 1, "content_type": 12, "object_id": "1", "object_repr": "ProductAdditionalImages object (1)", "action_flag": 1, "change_message": "[{\"added\": {}}]"}}, {"model": "admin.logentry", "pk": 4, "fields": {"action_time": "2025-03-04T19:47:28.499Z", "user": 1, "content_type": 12, "object_id": "2", "object_repr": "ProductAdditionalImages object (2)", "action_flag": 1, "change_message": "[{\"added\": {}}]"}}, {"model": "admin.logentry", "pk": 5, "fields": {"action_time": "2025-03-04T19:48:06.168Z", "user": 1, "content_type": 8, "object_id": "1", "object_repr": "mal", "action_flag": 1, "change_message": "[{\"added\": {}}]"}}, {"model": "admin.logentry", "pk": 6, "fields": {"action_time": "2025-03-04T19:48:22.920Z", "user": 1, "content_type": 11, "object_id": "1", "object_repr": "1+1 TKL - mal", "action_flag": 1, "change_message": "[{\"added\": {}}]"}}, {"model": "admin.logentry", "pk": 7, "fields": {"action_time": "2025-03-04T19:48:49.425Z", "user": 1, "content_type": 9, "object_id": "1", "object_repr": "mal - False - 04/03/2025 - 19:48", "action_flag": 1, "change_message": "[{\"added\": {}}]"}}, {"model": "admin.logentry", "pk": 8, "fields": {"action_time": "2025-03-04T20:21:01.367Z", "user": 1, "content_type": 10, "object_id": "1", "object_repr": "1+1 TKL", "action_flag": 2, "change_message": "[{\"changed\": {\"fields\": [\"Image\"]}}]"}}, {"model": "admin.logentry", "pk": 9, "fields": {"action_time": "2025-03-14T22:18:27.023Z", "user": 1, "content_type": 7, "object_id": "2", "object_repr": "Keycaps", "action_flag": 1, "change_message": "[{\"added\": {}}]"}}, {"model": "admin.logentry", "pk": 10, "fields": {"action_time": "2025-03-14T22:18:28.921Z", "user": 1, "content_type": 10, "object_id": "2", "object_repr": "Nature", "action_flag": 1, "change_message": "[{\"added\": {}}]"}}, {"model": "admin.logentry", "pk": 11, "fields": {"action_time": "2025-03-14T22:19:55.801Z", "user": 1, "content_type": 10, "object_id": "3", "object_repr": "Wreek Diving", "action_flag": 1, "change_message": "[{\"added\": {}}]"}}, {"model": "admin.logentry", "pk": 12, "fields": {"action_time": "2025-03-14T22:37:29.542Z", "user": 1, "content_type": 10, "object_id": "2", "object_repr": "Nature", "action_flag": 2, "change_message": "[{\"changed\": {\"fields\": [\"Description\", \"Image\"]}}]"}}, {"model": "admin.logentry", "pk": 13, "fields": {"action_time": "2025-03-14T22:53:52.441Z", "user": 1, "content_type": 7, "object_id": "3", "object_repr": "Switches", "action_flag": 1, "change_message": "[{\"added\": {}}]"}}, {"model": "admin.logentry", "pk": 14, "fields": {"action_time": "2025-03-14T22:53:53.732Z", "user": 1, "content_type": 10, "object_id": "4", "object_repr": "Gateron Magnetic Jade Pro Switches", "action_flag": 1, "change_message": "[{\"added\": {}}]"}}, {"model": "admin.logentry", "pk": 15, "fields": {"action_time": "2025-03-23T17:37:07.310Z", "user": 1, "content_type": 11, "object_id": "1", "object_repr": "1+1 TKL - mal", "action_flag": 2, "change_message": "[{\"changed\": {\"fields\": [\"Quantity\"]}}]"}}, {"model": "admin.logentry", "pk": 16, "fields": {"action_time": "2025-03-23T17:47:47.718Z", "user": 1, "content_type": 8, "object_id": "1", "object_repr": "mal", "action_flag": 3, "change_message": ""}}, {"model": "admin.logentry", "pk": 17, "fields": {"action_time": "2025-03-23T18:09:44.980Z", "user": 1, "content_type": 8, "object_id": "d638666f-2965-464d-9cad-321d79688a3c", "object_repr": "mal", "action_flag": 1, "change_message": "[{\"added\": {}}]"}}, {"model": "admin.logentry", "pk": 18, "fields": {"action_time": "2025-03-23T18:10:06.679Z", "user": 1, "content_type": 11, "object_id": "1", "object_repr": "1+1 TKL - mal", "action_flag": 1, "change_message": "[{\"added\": {}}]"}}, {"model": "admin.logentry", "pk": 19, "fields": {"action_time": "2025-03-23T18:11:10.638Z", "user": 1, "content_type": 11, "object_id": "2", "object_repr": "Wreek Diving - mal", "action_flag": 1, "change_message": "[{\"added\": {}}]"}}, {"model": "admin.logentry", "pk": 20, "fields": {"action_time": "2025-03-31T20:49:04.929Z", "user": 1, "content_type": 11, "object_id": "3", "object_repr": "Nature - d638666f-2965-464d-9cad-321d79688a3c - mal", "action_flag": 1, "change_message": "[{\"added\": {}}]"}}, {"model": "admin.logentry", "pk": 21, "fields": {"action_time": "2025-03-31T20:50:18.165Z", "user": 1, "content_type": 11, "object_id": "4", "object_repr": "Nature - d638666f-2965-464d-9cad-321d79688a3c - mal", "action_flag": 1, "change_message": "[{\"added\": {}}]"}}, {"model": "admin.logentry", "pk": 22, "fields": {"action_time": "2025-03-31T20:56:50.572Z", "user": 1, "content_type": 11, "object_id": "5", "object_repr": "Gateron Magnetic Jade Pro Switches - d638666f-2965-464d-9cad-321d79688a3c - mal", "action_flag": 1, "change_message": "[{\"added\": {}}]"}}, {"model": "admin.logentry", "pk": 23, "fields": {"action_time": "2025-03-31T20:56:59.108Z", "user": 1, "content_type": 11, "object_id": "6", "object_repr": "Nature - d638666f-2965-464d-9cad-321d79688a3c - mal", "action_flag": 1, "change_message": "[{\"added\": {}}]"}}, {"model": "admin.logentry", "pk": 24, "fields": {"action_time": "2025-03-31T21:13:16.824Z", "user": 1, "content_type": 11, "object_id": "7", "object_repr": "Gateron Magnetic Jade Pro Switches - d638666f-2965-464d-9cad-321d79688a3c - mal", "action_flag": 1, "change_message": "[{\"added\": {}}]"}}, {"model": "admin.logentry", "pk": 25, "fields": {"action_time": "2025-03-31T21:13:26.005Z", "user": 1, "content_type": 11, "object_id": "8", "object_repr": "Nature - d638666f-2965-464d-9cad-321d79688a3c - mal", "action_flag": 1, "change_message": "[{\"added\": {}}]"}}, {"model": "admin.logentry", "pk": 26, "fields": {"action_time": "2025-04-01T19:04:17.225Z", "user": 1, "content_type": 11, "object_id": "9", "object_repr": "Gateron Magnetic Jade Pro Switches - d638666f-2965-464d-9cad-321d79688a3c - mal", "action_flag": 1, "change_message": "[{\"added\": {}}]"}}, {"model": "admin.logentry", "pk": 27, "fields": {"action_time": "2025-04-01T19:06:21.306Z", "user": 1, "content_type": 11, "object_id": "10", "object_repr": "Gateron Magnetic Jade Pro Switches - d638666f-2965-464d-9cad-321d79688a3c - mal", "action_flag": 1, "change_message": "[{\"added\": {}}]"}}, {"model": "admin.logentry", "pk": 28, "fields": {"action_time": "2025-04-01T19:40:53.227Z", "user": 1, "content_type": 11, "object_id": "11", "object_repr": "Gateron Magnetic Jade Pro Switches - d638666f-2965-464d-9cad-321d79688a3c - mal", "action_flag": 1, "change_message": "[{\"added\": {}}]"}}, {"model": "admin.logentry", "pk": 29, "fields": {"action_time": "2025-04-01T20:12:21.412Z", "user": 1, "content_type": 11, "object_id": "12", "object_repr": "Gateron Magnetic Jade Pro Switches - d638666f-2965-464d-9cad-321d79688a3c - mal", "action_flag": 1, "change_message": "[{\"added\": {}}]"}}, {"model": "admin.logentry", "pk": 30, "fields": {"action_time": "2025-04-01T20:18:31.056Z", "user": 1, "content_type": 11, "object_id": "13", "object_repr": "Gateron Magnetic Jade Pro Switches - d638666f-2965-464d-9cad-321d79688a3c - mal", "action_flag": 1, "change_message": "[{\"added\": {}}]"}}, {"model": "admin.logentry", "pk": 31, "fields": {"action_time": "2025-04-01T20:19:46.635Z", "user": 1, "content_type": 11, "object_id": "14", "object_repr": "Gateron Magnetic Jade Pro Switches - d638666f-2965-464d-9cad-321d79688a3c - mal", "action_flag": 1, "change_message": "[{\"added\": {}}]"}}, {"model": "admin.logentry", "pk": 32, "fields": {"action_time": "2025-04-06T17:46:38.925Z", "user": 1, "content_type": 11, "object_id": "15", "object_repr": "Nature - d638666f-2965-464d-9cad-321d79688a3c - mal", "action_flag": 1, "change_message": "[{\"added\": {}}]"}}, {"model": "admin.logentry", "pk": 33, "fields": {"action_time": "2025-04-06T17:48:28.962Z", "user": 1, "content_type": 11, "object_id": "16", "object_repr": "Nature - d638666f-2965-464d-9cad-321d79688a3c - mal", "action_flag": 1, "change_message": "[{\"added\": {}}]"}}, {"model": "admin.logentry", "pk": 34, "fields": {"action_time": "2025-04-06T17:49:56.004Z", "user": 1, "content_type": 11, "object_id": "17", "object_repr": "Nature - d638666f-2965-464d-9cad-321d79688a3c - mal", "action_flag": 1, "change_message": "[{\"added\": {}}]"}}, {"model": "admin.logentry", "pk": 35, "fields": {"action_time": "2025-04-07T19:37:47.602Z", "user": 1, "content_type": 11, "object_id": "29", "object_repr": "Gateron Magnetic Jade Pro Switches - d638666f-2965-464d-9cad-321d79688a3c - mal", "action_flag": 3, "change_message": ""}}, {"model": "admin.logentry", "pk": 36, "fields": {"action_time": "2025-04-09T18:39:15.272Z", "user": 1, "content_type": 8, "object_id": "fd6f6fb1-9045-4f21-a305-71842d93cec0", "object_repr": "fd6f6fb1-9045-4f21-a305-71842d93cec0 - session_id: d3e80119-99ed-4bed-9023-e07510d2b475", "action_flag": 3, "change_message": ""}}, {"model": "admin.logentry", "pk": 37, "fields": {"action_time": "2025-04-09T18:39:15.272Z", "user": 1, "content_type": 8, "object_id": "df521e09-52fa-4d4d-8825-c233f07bccd4", "object_repr": "df521e09-52fa-4d4d-8825-c233f07bccd4 - session_id: 7195a0a5-acc4-43ec-8f23-52eb666f9a19", "action_flag": 3, "change_message": ""}}, {"model": "admin.logentry", "pk": 38, "fields": {"action_time": "2025-04-09T18:39:15.272Z", "user": 1, "content_type": 8, "object_id": "bf953408-958f-48be-8ef8-f5ad5426b568", "object_repr": "bf953408-958f-48be-8ef8-f5ad5426b568 - session_id: e535446f-be7f-474c-98b5-aef785b04f25", "action_flag": 3, "change_message": ""}}, {"model": "admin.logentry", "pk": 39, "fields": {"action_time": "2025-04-09T18:39:15.272Z", "user": 1, "content_type": 8, "object_id": "a383ad09-aa8f-4ccd-8621-954bc64be6b0", "object_repr": "a383ad09-aa8f-4ccd-8621-954bc64be6b0 - session_id: e09d6915-0c0c-4916-9901-6ba60955bf2c", "action_flag": 3, "change_message": ""}}, {"model": "admin.logentry", "pk": 40, "fields": {"action_time": "2025-04-09T18:39:15.272Z", "user": 1, "content_type": 8, "object_id": "9bb6854a-53dc-4f87-98d6-cc30ae60507a", "object_repr": "9bb6854a-53dc-4f87-98d6-cc30ae60507a - session_id: 3e3fc42f-68fe-4d63-956f-f856528752bb", "action_flag": 3, "change_message": ""}}, {"model": "admin.logentry", "pk": 41, "fields": {"action_time": "2025-04-09T18:39:15.272Z", "user": 1, "content_type": 8, "object_id": "924a2a71-c204-40b8-ad59-3786abd9ed87", "object_repr": "924a2a71-c204-40b8-ad59-3786abd9ed87 - session_id: de68904b-adde-4c93-b85b-1181d492ba8d", "action_flag": 3, "change_message": ""}}, {"model": "admin.logentry", "pk": 42, "fields": {"action_time": "2025-04-09T18:39:15.272Z", "user": 1, "content_type": 8, "object_id": "8e5b3692-8bf8-4e8f-9f83-8e7b5a9f5a55", "object_repr": "8e5b3692-8bf8-4e8f-9f83-8e7b5a9f5a55 - session_id: 90758d87-828c-4e51-bad0-473f00e7bbbf", "action_flag": 3, "change_message": ""}}, {"model": "admin.logentry", "pk": 43, "fields": {"action_time": "2025-04-09T18:39:15.272Z", "user": 1, "content_type": 8, "object_id": "563343c3-d98c-4087-9544-4d9b5597d200", "object_repr": "563343c3-d98c-4087-9544-4d9b5597d200 - session_id: 8df75e08-266e-4aad-b0dc-bfa42210de1d", "action_flag": 3, "change_message": ""}}, {"model": "admin.logentry", "pk": 44, "fields": {"action_time": "2025-04-14T20:26:21.703Z", "user": 1, "content_type": 8, "object_id": "d638666f-2965-464d-9cad-321d79688a3c", "object_repr": "d638666f-2965-464d-9cad-321d79688a3c - mal", "action_flag": 3, "change_message": ""}}, {"model": "admin.logentry", "pk": 45, "fields": {"action_time": "2025-04-14T20:26:21.703Z", "user": 1, "content_type": 8, "object_id": "5a85842c-2815-4623-8cdb-e660de2a8559", "object_repr": "5a85842c-2815-4623-8cdb-e660de2a8559 - session_id: 464bb20b-4afd-450f-abc6-df806f6e7de9", "action_flag": 3, "change_message": ""}}, {"model": "admin.logentry", "pk": 46, "fields": {"action_time": "2025-04-14T20:26:21.703Z", "user": 1, "content_type": 8, "object_id": "0104ecad-ec68-41b9-8e4d-41b03a49bbef", "object_repr": "0104ecad-ec68-41b9-8e4d-41b03a49bbef - session_id: e2f33da9-f103-470b-ac22-a22421bdefae", "action_flag": 3, "change_message": ""}}, {"model": "admin.logentry", "pk": 47, "fields": {"action_time": "2025-04-15T18:40:11.176Z", "user": 1, "content_type": 11, "object_id": "56", "object_repr": "Nature - e4a998fc-7a8d-4aca-89a9-fba6fc76fe81 - session_id: 866265fb-1fbe-41e2-b979-58ed930118de", "action_flag": 3, "change_message": ""}}, {"model": "admin.logentry", "pk": 48, "fields": {"action_time": "2025-04-15T18:40:11.176Z", "user": 1, "content_type": 11, "object_id": "55", "object_repr": "Gateron Magnetic Jade Pro Switches - e4a998fc-7a8d-4aca-89a9-fba6fc76fe81 - session_id: 866265fb-1fbe-41e2-b979-58ed930118de", "action_flag": 3, "change_message": ""}}, {"model": "admin.logentry", "pk": 49, "fields": {"action_time": "2025-04-15T18:40:11.176Z", "user": 1, "content_type": 11, "object_id": "54", "object_repr": "Nature - 0ee6ef1e-fc0d-4d3d-a544-cccf77e87db0 - session_id: 66c36d79-26b4-47b9-9e5b-82c579d7a775", "action_flag": 3, "change_message": ""}}, {"model": "admin.logentry", "pk": 50, "fields": {"action_time": "2025-04-16T21:07:43.836Z", "user": 1, "content_type": 8, "object_id": "fc143f71-65c2-4963-a40a-7b7bc6c54ca6", "object_repr": "fc143f71-65c2-4963-a40a-7b7bc6c54ca6 - session_id: 44235ded-83e5-4247-a5f3-482a6070cea3", "action_flag": 3, "change_message": ""}}, {"model": "admin.logentry", "pk": 51, "fields": {"action_time": "2025-04-16T21:07:43.836Z", "user": 1, "content_type": 8, "object_id": "f85cce12-ac1b-43b6-9c13-2e3cbb936677", "object_repr": "f85cce12-ac1b-43b6-9c13-2e3cbb936677 - session_id: 813f2a4c-a74c-4f56-9a1c-50264559d4b3", "action_flag": 3, "change_message": ""}}, {"model": "admin.logentry", "pk": 52, "fields": {"action_time": "2025-04-16T21:07:43.836Z", "user": 1, "content_type": 8, "object_id": "e4a998fc-7a8d-4aca-89a9-fba6fc76fe81", "object_repr": "e4a998fc-7a8d-4aca-89a9-fba6fc76fe81 - session_id: 866265fb-1fbe-41e2-b979-58ed930118de", "action_flag": 3, "change_message": ""}}, {"model": "admin.logentry", "pk": 53, "fields": {"action_time": "2025-04-16T21:07:43.836Z", "user": 1, "content_type": 8, "object_id": "d3ef79e2-d41c-43d6-b448-9e8122d11891", "object_repr": "d3ef79e2-d41c-43d6-b448-9e8122d11891 - session_id: 3cafe865-599c-404d-a567-0a41961da027", "action_flag": 3, "change_message": ""}}, {"model": "admin.logentry", "pk": 54, "fields": {"action_time": "2025-04-16T21:07:43.836Z", "user": 1, "content_type": 8, "object_id": "c670c7cb-260a-43f9-8f55-065cee8fb1b2", "object_repr": "c670c7cb-260a-43f9-8f55-065cee8fb1b2 - session_id: 713bb29b-3c32-4cac-87ea-6c75fc54014f", "action_flag": 3, "change_message": ""}}, {"model": "admin.logentry", "pk": 55, "fields": {"action_time": "2025-04-16T21:07:43.836Z", "user": 1, "content_type": 8, "object_id": "c2df1eb5-be02-43ea-aff7-dd3c311f3ff2", "object_repr": "c2df1eb5-be02-43ea-aff7-dd3c311f3ff2 - session_id: 60dab111-2dea-4a9d-b733-d93ca386619a", "action_flag": 3, "change_message": ""}}, {"model": "admin.logentry", "pk": 56, "fields": {"action_time": "2025-04-16T21:07:43.836Z", "user": 1, "content_type": 8, "object_id": "b40a0fd8-6be0-4b9a-8129-32cc8916f748", "object_repr": "b40a0fd8-6be0-4b9a-8129-32cc8916f748 - session_id: 41906f5c-23a6-4135-a78c-2c0ab2087b6e", "action_flag": 3, "change_message": ""}}, {"model": "admin.logentry", "pk": 57, "fields": {"action_time": "2025-04-16T21:07:43.836Z", "user": 1, "content_type": 8, "object_id": "ad78898b-abdc-44b3-b00d-14ec09aae083", "object_repr": "ad78898b-abdc-44b3-b00d-14ec09aae083 - session_id: 65620998-bda6-496d-aa43-2f33db5edcab", "action_flag": 3, "change_message": ""}}, {"model": "admin.logentry", "pk": 58, "fields": {"action_time": "2025-04-16T21:07:43.836Z", "user": 1, "content_type": 8, "object_id": "a8488840-0319-4949-bf41-19b76a1b8a11", "object_repr": "a8488840-0319-4949-bf41-19b76a1b8a11 - session_id: 3b861999-c9e4-4489-b89a-85c75cb97e8b", "action_flag": 3, "change_message": ""}}, {"model": "admin.logentry", "pk": 59, "fields": {"action_time": "2025-04-16T21:07:43.836Z", "user": 1, "content_type": 8, "object_id": "a365a7a3-2020-49d8-a512-e4a36286c895", "object_repr": "a365a7a3-2020-49d8-a512-e4a36286c895 - session_id: 64ba43ca-1b2f-4938-9e17-65209b584bad", "action_flag": 3, "change_message": ""}}, {"model": "admin.logentry", "pk": 60, "fields": {"action_time": "2025-04-16T21:07:43.836Z", "user": 1, "content_type": 8, "object_id": "9ccd94d5-a534-481e-85ed-d1081f704ac7", "object_repr": "9ccd94d5-a534-481e-85ed-d1081f704ac7 - session_id: fae8b768-e37e-4cef-a88c-16704277a41e", "action_flag": 3, "change_message": ""}}, {"model": "admin.logentry", "pk": 61, "fields": {"action_time": "2025-04-16T21:07:43.837Z", "user": 1, "content_type": 8, "object_id": "98d22c2f-e077-4d09-af2a-006ec17c3ce0", "object_repr": "98d22c2f-e077-4d09-af2a-006ec17c3ce0 - session_id: 2f478d68-9c51-47f9-80cd-28a647962c7a", "action_flag": 3, "change_message": ""}}, {"model": "admin.logentry", "pk": 62, "fields": {"action_time": "2025-04-16T21:07:43.837Z", "user": 1, "content_type": 8, "object_id": "81bff140-2014-4b88-948b-c6fa2cbf606c", "object_repr": "81bff140-2014-4b88-948b-c6fa2cbf606c - session_id: 135cdf9f-8a0c-4966-a3e5-05ce0a0073f9", "action_flag": 3, "change_message": ""}}, {"model": "admin.logentry", "pk": 63, "fields": {"action_time": "2025-04-16T21:07:43.837Z", "user": 1, "content_type": 8, "object_id": "80dfd399-6622-400d-a087-4b2fd581b9ee", "object_repr": "80dfd399-6622-400d-a087-4b2fd581b9ee - session_id: 518d13df-4a5a-4440-a3fa-6feb6a840108", "action_flag": 3, "change_message": ""}}, {"model": "admin.logentry", "pk": 64, "fields": {"action_time": "2025-04-16T21:07:43.837Z", "user": 1, "content_type": 8, "object_id": "7a86c861-d1b7-41e7-a890-f5e55f33c9e4", "object_repr": "7a86c861-d1b7-41e7-a890-f5e55f33c9e4 - session_id: e66fc381-2e9a-43fe-a93c-40fd733f7ac1", "action_flag": 3, "change_message": ""}}, {"model": "admin.logentry", "pk": 65, "fields": {"action_time": "2025-04-16T21:07:43.837Z", "user": 1, "content_type": 8, "object_id": "71ade3b5-e2a7-4eb3-b056-717eee31cfb2", "object_repr": "71ade3b5-e2a7-4eb3-b056-717eee31cfb2 - session_id: 0a5cf42f-723f-427b-8131-f109aa322d8e", "action_flag": 3, "change_message": ""}}, {"model": "admin.logentry", "pk": 66, "fields": {"action_time": "2025-04-16T21:07:43.837Z", "user": 1, "content_type": 8, "object_id": "6e9b563e-f6d1-487f-b824-0031a01db36a", "object_repr": "6e9b563e-f6d1-487f-b824-0031a01db36a - session_id: c623b580-ca19-4e66-b0b0-3e32bc6a5d2d", "action_flag": 3, "change_message": ""}}, {"model": "admin.logentry", "pk": 67, "fields": {"action_time": "2025-04-16T21:07:43.837Z", "user": 1, "content_type": 8, "object_id": "5e73b913-04ee-4308-977b-f9a3c364a29a", "object_repr": "5e73b913-04ee-4308-977b-f9a3c364a29a - session_id: 6b9b7283-ec6c-462f-9ce6-f04c71f1dbb7", "action_flag": 3, "change_message": ""}}, {"model": "admin.logentry", "pk": 68, "fields": {"action_time": "2025-04-16T21:07:43.837Z", "user": 1, "content_type": 8, "object_id": "514a3360-eec0-4ccb-befb-cfe2288ffe30", "object_repr": "514a3360-eec0-4ccb-befb-cfe2288ffe30 - session_id: 60df7dc3-a429-47ff-adef-0271e35e391d", "action_flag": 3, "change_message": ""}}, {"model": "admin.logentry", "pk": 69, "fields": {"action_time": "2025-04-16T21:07:43.837Z", "user": 1, "content_type": 8, "object_id": "3e6896ad-e85a-4d75-85d4-db39078d22f7", "object_repr": "3e6896ad-e85a-4d75-85d4-db39078d22f7 - session_id: 48015566-d1c1-4e42-86b1-f93c3e13033f", "action_flag": 3, "change_message": ""}}, {"model": "admin.logentry", "pk": 70, "fields": {"action_time": "2025-04-16T21:07:43.837Z", "user": 1, "content_type": 8, "object_id": "146a4494-b9c0-4b0c-aab8-082aba1f975c", "object_repr": "146a4494-b9c0-4b0c-aab8-082aba1f975c - session_id: 399f27fe-a869-4ba0-85ec-b02dcdcf1a94", "action_flag": 3, "change_message": ""}}, {"model": "admin.logentry", "pk": 71, "fields": {"action_time": "2025-04-16T21:07:43.837Z", "user": 1, "content_type": 8, "object_id": "0ee6ef1e-fc0d-4d3d-a544-cccf77e87db0", "object_repr": "0ee6ef1e-fc0d-4d3d-a544-cccf77e87db0 - session_id: 66c36d79-26b4-47b9-9e5b-82c579d7a775", "action_flag": 3, "change_message": ""}}, {"model": "admin.logentry", "pk": 72, "fields": {"action_time": "2025-04-28T19:14:49.770Z", "user": 1, "content_type": 11, "object_id": "82", "object_repr": "Nature - e1dfdae3-319b-40a4-979f-c84ea6436a4a - session_id: 1e7bbb36-b3c4-4c89-a791-ddb42b6f7b09", "action_flag": 3, "change_message": ""}}, {"model": "admin.logentry", "pk": 73, "fields": {"action_time": "2025-04-28T19:14:49.770Z", "user": 1, "content_type": 11, "object_id": "81", "object_repr": "Gateron Magnetic Jade Pro Switches - 9e5cdf2d-67e0-4aa4-ac17-825649dc1a14 - session_id: 1b26aac4-7220-4010-ad5b-531645efae5a", "action_flag": 3, "change_message": ""}}, {"model": "admin.logentry", "pk": 74, "fields": {"action_time": "2025-04-28T19:14:49.770Z", "user": 1, "content_type": 11, "object_id": "80", "object_repr": "Nature - da9ec090-0efb-4284-8b1b-b8da7a79ff75 - session_id: 4307f641-396b-4176-8ab2-b7963492f75b", "action_flag": 3, "change_message": ""}}, {"model": "admin.logentry", "pk": 75, "fields": {"action_time": "2025-04-28T19:14:58.829Z", "user": 1, "content_type": 8, "object_id": "e1dfdae3-319b-40a4-979f-c84ea6436a4a", "object_repr": "e1dfdae3-319b-40a4-979f-c84ea6436a4a - session_id: 1e7bbb36-b3c4-4c89-a791-ddb42b6f7b09", "action_flag": 3, "change_message": ""}}, {"model": "admin.logentry", "pk": 76, "fields": {"action_time": "2025-04-28T19:14:58.829Z", "user": 1, "content_type": 8, "object_id": "da9ec090-0efb-4284-8b1b-b8da7a79ff75", "object_repr": "da9ec090-0efb-4284-8b1b-b8da7a79ff75 - session_id: 4307f641-396b-4176-8ab2-b7963492f75b", "action_flag": 3, "change_message": ""}}, {"model": "admin.logentry", "pk": 77, "fields": {"action_time": "2025-04-28T19:14:58.829Z", "user": 1, "content_type": 8, "object_id": "9e5cdf2d-67e0-4aa4-ac17-825649dc1a14", "object_repr": "9e5cdf2d-67e0-4aa4-ac17-825649dc1a14 - session_id: 1b26aac4-7220-4010-ad5b-531645efae5a", "action_flag": 3, "change_message": ""}}, {"model": "admin.logentry", "pk": 78, "fields": {"action_time": "2025-04-28T19:47:31.171Z", "user": 1, "content_type": 8, "object_id": "d92ff36f-2965-4a0f-9652-4b2b1773dc78", "object_repr": "d92ff36f-2965-4a0f-9652-4b2b1773dc78 - session_id: f6b04fc4-c738-406a-96b8-cad67eb1fec0", "action_flag": 3, "change_message": ""}}, {"model": "admin.logentry", "pk": 79, "fields": {"action_time": "2025-04-28T19:47:31.171Z", "user": 1, "content_type": 8, "object_id": "b725e606-b44b-4177-b1ad-32947c073e75", "object_repr": "b725e606-b44b-4177-b1ad-32947c073e75 - session_id: bb8b8c2e-2755-4236-9644-69d77d170571", "action_flag": 3, "change_message": ""}}, {"model": "admin.logentry", "pk": 80, "fields": {"action_time": "2025-04-28T19:47:31.171Z", "user": 1, "content_type": 8, "object_id": "8ba2300b-8f57-4185-ad76-582562f32b4a", "object_repr": "8ba2300b-8f57-4185-ad76-582562f32b4a - session_id: 8f0daee8-c647-4b88-9f36-dc5412e75d54", "action_flag": 3, "change_message": ""}}, {"model": "admin.logentry", "pk": 81, "fields": {"action_time": "2025-04-28T19:47:31.171Z", "user": 1, "content_type": 8, "object_id": "48924b67-2ef6-40c3-9416-3aab7073604c", "object_repr": "48924b67-2ef6-40c3-9416-3aab7073604c - session_id: a627752f-33b6-441e-b6b9-6a7b98258ae4", "action_flag": 3, "change_message": ""}}, {"model": "admin.logentry", "pk": 82, "fields": {"action_time": "2025-04-28T19:47:31.171Z", "user": 1, "content_type": 8, "object_id": "3853d490-76e8-4509-a59c-126b9bc941d4", "object_repr": "3853d490-76e8-4509-a59c-126b9bc941d4 - session_id: 608322cd-faea-4a28-88e1-d0158b732a76", "action_flag": 3, "change_message": ""}}, {"model": "admin.logentry", "pk": 83, "fields": {"action_time": "2025-04-28T19:47:31.171Z", "user": 1, "content_type": 8, "object_id": "1fa33836-2dd2-4833-93b6-0b457fdf4f23", "object_repr": "1fa33836-2dd2-4833-93b6-0b457fdf4f23 - session_id: e6ef8b88-e5c8-41c4-a67a-fd9eee8c4fa6", "action_flag": 3, "change_message": ""}}, {"model": "admin.logentry", "pk": 84, "fields": {"action_time": "2025-04-28T20:42:47.704Z", "user": 1, "content_type": 8, "object_id": "b8364c98-13b4-4eaf-a932-7b459c33e78a", "object_repr": "b8364c98-13b4-4eaf-a932-7b459c33e78a - session_id: db0a9135-7f1f-49c6-bc11-700765f842f8", "action_flag": 3, "change_message": ""}}, {"model": "admin.logentry", "pk": 85, "fields": {"action_time": "2025-04-28T20:42:47.704Z", "user": 1, "content_type": 8, "object_id": "94ae6bac-af94-437b-9db4-39a3bbdbd08c", "object_repr": "94ae6bac-af94-437b-9db4-39a3bbdbd08c - session_id: 7aef15f6-8ca9-4f7d-9881-97a2ed6cfa2d", "action_flag": 3, "change_message": ""}}, {"model": "admin.logentry", "pk": 86, "fields": {"action_time": "2025-04-28T21:01:06.777Z", "user": 1, "content_type": 8, "object_id": "f624ca1d-80ac-4d58-b21a-65a8556c95ac", "object_repr": "f624ca1d-80ac-4d58-b21a-65a8556c95ac - session_id: 44617559-5d97-4f69-9b9c-892f98f78f7d", "action_flag": 3, "change_message": ""}}, {"model": "admin.logentry", "pk": 87, "fields": {"action_time": "2025-04-29T20:25:02.852Z", "user": 1, "content_type": 8, "object_id": "77179152-6864-4dd3-afa1-9f84afa16048", "object_repr": "77179152-6864-4dd3-afa1-9f84afa16048 - session_id: 0e092bdb-db35-48fc-983a-7cec093bb984", "action_flag": 3, "change_message": ""}}, {"model": "admin.logentry", "pk": 88, "fields": {"action_time": "2025-04-29T20:25:02.852Z", "user": 1, "content_type": 8, "object_id": "6f2180a7-61e8-4ba7-a070-e1c417ebe5ce", "object_repr": "6f2180a7-61e8-4ba7-a070-e1c417ebe5ce - session_id: 8e8eafce-9d9e-4159-aa4b-548c37124512", "action_flag": 3, "change_message": ""}}, {"model": "admin.logentry", "pk": 89, "fields": {"action_time": "2025-04-29T20:35:32.008Z", "user": 1, "content_type": 8, "object_id": "c2b88d80-5201-468b-892a-0fd94ff35c4f", "object_repr": "c2b88d80-5201-468b-892a-0fd94ff35c4f - session_id: 31aaf2db-b42e-46bc-bef4-ae9e096d16bf", "action_flag": 3, "change_message": ""}}, {"model": "admin.logentry", "pk": 90, "fields": {"action_time": "2025-04-29T20:35:32.008Z", "user": 1, "content_type": 8, "object_id": "16a2facb-8977-4457-849b-615bad4153e6", "object_repr": "16a2facb-8977-4457-849b-615bad4153e6 - session_id: f6005559-2474-4e53-a452-691af09472fa", "action_flag": 3, "change_message": ""}}, {"model": "admin.logentry", "pk": 91, "fields": {"action_time": "2025-04-29T20:41:10.304Z", "user": 1, "content_type": 8, "object_id": "bf99f045-f12a-4b8a-af59-b84effc0bfd8", "object_repr": "bf99f045-f12a-4b8a-af59-b84effc0bfd8 - session_id: 51e128ca-8351-4914-9f50-1c365a35bcb8", "action_flag": 3, "change_message": ""}}, {"model": "admin.logentry", "pk": 92, "fields": {"action_time": "2025-04-29T20:41:10.304Z", "user": 1, "content_type": 8, "object_id": "62149121-945c-4561-9d56-8c38a6c39a4d", "object_repr": "62149121-945c-4561-9d56-8c38a6c39a4d - mal", "action_flag": 3, "change_message": ""}}, {"model": "admin.logentry", "pk": 93, "fields": {"action_time": "2025-04-29T21:17:28.535Z", "user": 1, "content_type": 8, "object_id": "6fa27542-b815-4802-9881-853ddfb6ca2f", "object_repr": "6fa27542-b815-4802-9881-853ddfb6ca2f - session_id: 4194d5ad-080d-4c23-abd6-504f296515d7", "action_flag": 3, "change_message": ""}}, {"model": "admin.logentry", "pk": 94, "fields": {"action_time": "2025-04-29T21:17:28.535Z", "user": 1, "content_type": 8, "object_id": "45b749fa-e256-47de-8234-570af539de61", "object_repr": "45b749fa-e256-47de-8234-570af539de61 - session_id: c781f266-7967-4f33-94a0-3792c8ea0f13", "action_flag": 3, "change_message": ""}}, {"model": "admin.logentry", "pk": 95, "fields": {"action_time": "2025-04-29T21:24:01.392Z", "user": 1, "content_type": 8, "object_id": "7a28f3da-40e2-4b04-936a-4292ed8afc2f", "object_repr": "7a28f3da-40e2-4b04-936a-4292ed8afc2f - session_id: 8140df02-4ca5-4607-80b3-5baf2de1c556", "action_flag": 3, "change_message": ""}}, {"model": "admin.logentry", "pk": 96, "fields": {"action_time": "2025-04-30T20:16:45.015Z", "user": 1, "content_type": 8, "object_id": "8b4d49e3-7f3c-40dc-a5e9-0216bf86ee9e", "object_repr": "8b4d49e3-7f3c-40dc-a5e9-0216bf86ee9e - session_id: f278a44f-56a7-4c55-856a-ce12cf2bfeb1", "action_flag": 3, "change_message": ""}}, {"model": "admin.logentry", "pk": 97, "fields": {"action_time": "2025-05-29T18:12:25.918Z", "user": 1, "content_type": 10, "object_id": "5", "object_repr": "IQUNIX TILLY 60", "action_flag": 1, "change_message": "[{\"added\": {}}]"}}, {"model": "admin.logentry", "pk": 98, "fields": {"action_time": "2025-06-01T19:19:07.905Z", "user": 1, "content_type": 12, "object_id": "3", "object_repr": "ProductAdditionalImages object (3)", "action_flag": 1, "change_message": "[{\"added\": {}}]"}}, {"model": "admin.logentry", "pk": 99, "fields": {"action_time": "2025-06-01T19:24:04.040Z", "user": 1, "content_type": 12, "object_id": "4", "object_repr": "ProductAdditionalImages object (4)", "action_flag": 1, "change_message": "[{\"added\": {}}]"}}, {"model": "admin.logentry", "pk": 100, "fields": {"action_time": "2025-06-01T19:24:12.969Z", "user": 1, "content_type": 12, "object_id": "5", "object_repr": "ProductAdditionalImages object (5)", "action_flag": 1, "change_message": "[{\"added\": {}}]"}}, {"model": "admin.logentry", "pk": 101, "fields": {"action_time": "2025-06-02T20:20:57.320Z", "user": 1, "content_type": 10, "object_id": "5", "object_repr": "TILLY 60", "action_flag": 2, "change_message": "[{\"changed\": {\"fields\": [\"Name\", \"Slug\"]}}]"}}, {"model": "admin.logentry", "pk": 102, "fields": {"action_time": "2025-06-02T20:22:28.274Z", "user": 1, "content_type": 10, "object_id": "6", "object_repr": "ZONEX 75", "action_flag": 1, "change_message": "[{\"added\": {}}]"}}, {"model": "admin.logentry", "pk": 103, "fields": {"action_time": "2025-06-02T20:22:45.532Z", "user": 1, "content_type": 12, "object_id": "6", "object_repr": "ProductAdditionalImages object (6)", "action_flag": 1, "change_message": "[{\"added\": {}}]"}}, {"model": "admin.logentry", "pk": 104, "fields": {"action_time": "2025-06-02T20:22:53.110Z", "user": 1, "content_type": 12, "object_id": "7", "object_repr": "ProductAdditionalImages object (7)", "action_flag": 1, "change_message": "[{\"added\": {}}]"}}, {"model": "admin.logentry", "pk": 105, "fields": {"action_time": "2025-06-02T20:23:01.215Z", "user": 1, "content_type": 12, "object_id": "8", "object_repr": "ProductAdditionalImages object (8)", "action_flag": 1, "change_message": "[{\"added\": {}}]"}}, {"model": "admin.logentry", "pk": 106, "fields": {"action_time": "2025-06-02T20:28:47.474Z", "user": 1, "content_type": 10, "object_id": "7", "object_repr": "Ardbeg 65", "action_flag": 1, "change_message": "[{\"added\": {}}]"}}, {"model": "admin.logentry", "pk": 107, "fields": {"action_time": "2025-06-02T20:37:27.148Z", "user": 1, "content_type": 10, "object_id": "8", "object_repr": "Magi65", "action_flag": 1, "change_message": "[{\"added\": {}}]"}}, {"model": "admin.logentry", "pk": 108, "fields": {"action_time": "2025-06-02T20:41:26.251Z", "user": 1, "content_type": 12, "object_id": "9", "object_repr": "ProductAdditionalImages object (9)", "action_flag": 1, "change_message": "[{\"added\": {}}]"}}, {"model": "admin.logentry", "pk": 109, "fields": {"action_time": "2025-06-02T20:41:38.497Z", "user": 1, "content_type": 12, "object_id": "10", "object_repr": "ProductAdditionalImages object (10)", "action_flag": 1, "change_message": "[{\"added\": {}}]"}}, {"model": "admin.logentry", "pk": 110, "fields": {"action_time": "2025-06-02T20:41:53.518Z", "user": 1, "content_type": 12, "object_id": "11", "object_repr": "ProductAdditionalImages object (11)", "action_flag": 1, "change_message": "[{\"added\": {}}]"}}, {"model": "admin.logentry", "pk": 111, "fields": {"action_time": "2025-06-02T20:42:04.055Z", "user": 1, "content_type": 12, "object_id": "12", "object_repr": "ProductAdditionalImages object (12)", "action_flag": 1, "change_message": "[{\"added\": {}}]"}}, {"model": "admin.logentry", "pk": 112, "fields": {"action_time": "2025-06-02T20:53:32.905Z", "user": 1, "content_type": 10, "object_id": "9", "object_repr": "EZ60/63", "action_flag": 1, "change_message": "[{\"added\": {}}]"}}, {"model": "admin.logentry", "pk": 113, "fields": {"action_time": "2025-06-02T20:53:46.075Z", "user": 1, "content_type": 12, "object_id": "13", "object_repr": "ProductAdditionalImages object (13)", "action_flag": 1, "change_message": "[{\"added\": {}}]"}}, {"model": "admin.logentry", "pk": 114, "fields": {"action_time": "2025-06-02T20:53:57.419Z", "user": 1, "content_type": 12, "object_id": "14", "object_repr": "ProductAdditionalImages object (14)", "action_flag": 1, "change_message": "[{\"added\": {}}]"}}, {"model": "admin.logentry", "pk": 115, "fields": {"action_time": "2025-06-02T20:54:05.215Z", "user": 1, "content_type": 12, "object_id": "15", "object_repr": "ProductAdditionalImages object (15)", "action_flag": 1, "change_message": "[{\"added\": {}}]"}}, {"model": "admin.logentry", "pk": 116, "fields": {"action_time": "2025-06-02T20:54:13.468Z", "user": 1, "content_type": 12, "object_id": "16", "object_repr": "ProductAdditionalImages object (16)", "action_flag": 1, "change_message": "[{\"added\": {}}]"}}, {"model": "admin.logentry", "pk": 117, "fields": {"action_time": "2025-06-02T21:52:51.704Z", "user": 1, "content_type": 10, "object_id": "10", "object_repr": "Gravity Wave", "action_flag": 1, "change_message": "[{\"added\": {}}]"}}, {"model": "admin.logentry", "pk": 118, "fields": {"action_time": "2025-06-02T21:55:04.478Z", "user": 1, "content_type": 10, "object_id": "11", "object_repr": "Coral Sea", "action_flag": 1, "change_message": "[{\"added\": {}}]"}}, {"model": "admin.logentry", "pk": 119, "fields": {"action_time": "2025-06-02T22:04:11.887Z", "user": 1, "content_type": 12, "object_id": "17", "object_repr": "ProductAdditionalImages object (17)", "action_flag": 1, "change_message": "[{\"added\": {}}]"}}, {"model": "admin.logentry", "pk": 120, "fields": {"action_time": "2025-06-02T22:04:21.459Z", "user": 1, "content_type": 12, "object_id": "18", "object_repr": "ProductAdditionalImages object (18)", "action_flag": 1, "change_message": "[{\"added\": {}}]"}}, {"model": "admin.logentry", "pk": 121, "fields": {"action_time": "2025-06-04T18:00:46.723Z", "user": 1, "content_type": 10, "object_id": "12", "object_repr": "Black Tangerine", "action_flag": 1, "change_message": "[{\"added\": {}}]"}}, {"model": "admin.logentry", "pk": 122, "fields": {"action_time": "2025-06-04T18:01:03.945Z", "user": 1, "content_type": 12, "object_id": "19", "object_repr": "ProductAdditionalImages object (19)", "action_flag": 1, "change_message": "[{\"added\": {}}]"}}, {"model": "admin.logentry", "pk": 123, "fields": {"action_time": "2025-06-04T20:00:10.294Z", "user": 1, "content_type": 12, "object_id": "20", "object_repr": "ProductAdditionalImages object (20)", "action_flag": 1, "change_message": "[{\"added\": {}}]"}}, {"model": "admin.logentry", "pk": 124, "fields": {"action_time": "2025-06-04T20:00:21.023Z", "user": 1, "content_type": 12, "object_id": "21", "object_repr": "ProductAdditionalImages object (21)", "action_flag": 1, "change_message": "[{\"added\": {}}]"}}, {"model": "admin.logentry", "pk": 125, "fields": {"action_time": "2025-06-04T20:00:31.202Z", "user": 1, "content_type": 12, "object_id": "22", "object_repr": "ProductAdditionalImages object (22)", "action_flag": 1, "change_message": "[{\"added\": {}}]"}}, {"model": "admin.logentry", "pk": 126, "fields": {"action_time": "2025-06-04T20:01:47.350Z", "user": 1, "content_type": 10, "object_id": "13", "object_repr": "Moonstone", "action_flag": 1, "change_message": "[{\"added\": {}}]"}}, {"model": "admin.logentry", "pk": 127, "fields": {"action_time": "2025-06-04T20:02:37.463Z", "user": 1, "content_type": 10, "object_id": "14", "object_repr": "Moonstone Turbo", "action_flag": 1, "change_message": "[{\"added\": {}}]"}}, {"model": "admin.logentry", "pk": 128, "fields": {"action_time": "2025-06-04T20:03:22.967Z", "user": 1, "content_type": 12, "object_id": "23", "object_repr": "ProductAdditionalImages object (23)", "action_flag": 1, "change_message": "[{\"added\": {}}]"}}, {"model": "admin.logentry", "pk": 129, "fields": {"action_time": "2025-06-04T20:03:32.484Z", "user": 1, "content_type": 12, "object_id": "24", "object_repr": "ProductAdditionalImages object (24)", "action_flag": 1, "change_message": "[{\"added\": {}}]"}}, {"model": "admin.logentry", "pk": 130, "fields": {"action_time": "2025-06-04T20:03:42.167Z", "user": 1, "content_type": 12, "object_id": "25", "object_repr": "ProductAdditionalImages object (25)", "action_flag": 1, "change_message": "[{\"added\": {}}]"}}, {"model": "admin.logentry", "pk": 131, "fields": {"action_time": "2025-06-04T20:03:48.939Z", "user": 1, "content_type": 12, "object_id": "26", "object_repr": "ProductAdditionalImages object (26)", "action_flag": 1, "change_message": "[{\"added\": {}}]"}}, {"model": "admin.logentry", "pk": 132, "fields": {"action_time": "2025-06-11T17:56:27.673Z", "user": 1, "content_type": 12, "object_id": "27", "object_repr": "ProductAdditionalImages object (27)", "action_flag": 1, "change_message": "[{\"added\": {}}]"}}, {"model": "admin.logentry", "pk": 133, "fields": {"action_time": "2025-06-11T17:56:37.797Z", "user": 1, "content_type": 12, "object_id": "28", "object_repr": "ProductAdditionalImages object (28)", "action_flag": 1, "change_message": "[{\"added\": {}}]"}}, {"model": "admin.logentry", "pk": 134, "fields": {"action_time": "2025-06-11T17:56:49.361Z", "user": 1, "content_type": 12, "object_id": "29", "object_repr": "ProductAdditionalImages object (29)", "action_flag": 1, "change_message": "[{\"added\": {}}]"}}, {"model": "admin.logentry", "pk": 135, "fields": {"action_time": "2025-06-11T19:03:44.264Z", "user": 1, "content_type": 12, "object_id": "30", "object_repr": "ProductAdditionalImages object (30)", "action_flag": 1, "change_message": "[{\"added\": {}}]"}}, {"model": "admin.logentry", "pk": 136, "fields": {"action_time": "2025-06-11T21:39:48.470Z", "user": 1, "content_type": 13, "object_id": "1", "object_repr": "RatingStar object (1)", "action_flag": 1, "change_message": "[{\"added\": {}}]"}}, {"model": "admin.logentry", "pk": 137, "fields": {"action_time": "2025-06-11T21:39:51.457Z", "user": 1, "content_type": 13, "object_id": "2", "object_repr": "RatingStar object (2)", "action_flag": 1, "change_message": "[{\"added\": {}}]"}}, {"model": "admin.logentry", "pk": 138, "fields": {"action_time": "2025-06-11T21:39:54.786Z", "user": 1, "content_type": 13, "object_id": "3", "object_repr": "RatingStar object (3)", "action_flag": 1, "change_message": "[{\"added\": {}}]"}}, {"model": "admin.logentry", "pk": 139, "fields": {"action_time": "2025-06-11T21:39:58.851Z", "user": 1, "content_type": 13, "object_id": "4", "object_repr": "RatingStar object (4)", "action_flag": 1, "change_message": "[{\"added\": {}}]"}}, {"model": "admin.logentry", "pk": 140, "fields": {"action_time": "2025-06-11T21:40:02.337Z", "user": 1, "content_type": 13, "object_id": "5", "object_repr": "RatingStar object (5)", "action_flag": 1, "change_message": "[{\"added\": {}}]"}}, {"model": "admin.logentry", "pk": 141, "fields": {"action_time": "2025-06-18T19:15:13.371Z", "user": 1, "content_type": 14, "object_id": "1", "object_repr": "TILLY 60 - 5 - owner:mal", "action_flag": 3, "change_message": ""}}, {"model": "admin.logentry", "pk": 142, "fields": {"action_time": "2025-06-18T19:24:10.303Z", "user": 1, "content_type": 13, "object_id": "5", "object_repr": "5", "action_flag": 3, "change_message": ""}}, {"model": "admin.logentry", "pk": 143, "fields": {"action_time": "2025-06-18T19:24:10.303Z", "user": 1, "content_type": 13, "object_id": "4", "object_repr": "4", "action_flag": 3, "change_message": ""}}, {"model": "admin.logentry", "pk": 144, "fields": {"action_time": "2025-06-18T19:24:10.303Z", "user": 1, "content_type": 13, "object_id": "3", "object_repr": "3", "action_flag": 3, "change_message": ""}}, {"model": "admin.logentry", "pk": 145, "fields": {"action_time": "2025-06-18T19:24:10.303Z", "user": 1, "content_type": 13, "object_id": "2", "object_repr": "2", "action_flag": 3, "change_message": ""}}, {"model": "admin.logentry", "pk": 146, "fields": {"action_time": "2025-06-18T19:24:10.303Z", "user": 1, "content_type": 13, "object_id": "1", "object_repr": "1", "action_flag": 3, "change_message": ""}}, {"model": "admin.logentry", "pk": 147, "fields": {"action_time": "2025-06-18T21:34:23.215Z", "user": 1, "content_type": 14, "object_id": "2", "object_repr": "TILLY 60 - 5 - owner:mal", "action_flag": 3, "change_message": ""}}, {"model": "admin.logentry", "pk": 148, "fields": {"action_time": "2025-06-18T21:34:23.215Z", "user": 1, "content_type": 14, "object_id": "1", "object_repr": "TILLY 60 - 2 - owner:mal", "action_flag": 3, "change_message": ""}}, {"model": "admin.logentry", "pk": 149, "fields": {"action_time": "2025-06-29T13:02:39.093Z", "user": 1, "content_type": 10, "object_id": "4", "object_repr": "Gateron Magnetic Jade Pro", "action_flag": 2, "change_message": "[{\"changed\": {\"fields\": [\"Name\", \"Slug\", \"Description\"]}}]"}}, {"model": "auth.permission", "pk": 1, "fields": {"name": "Can add log entry", "content_type": 1, "codename": "add_logentry"}}, {"model": "auth.permission", "pk": 2, "fields": {"name": "Can change log entry", "content_type": 1, "codename": "change_logentry"}}, {"model": "auth.permission", "pk": 3, "fields": {"name": "Can delete log entry", "content_type": 1, "codename": "delete_logentry"}}, {"model": "auth.permission", "pk": 4, "fields": {"name": "Can view log entry", "content_type": 1, "codename": "view_logentry"}}, {"model": "auth.permission", "pk": 5, "fields": {"name": "Can add permission", "content_type": 2, "codename": "add_permission"}}, {"model": "auth.permission", "pk": 6, "fields": {"name": "Can change permission", "content_type": 2, "codename": "change_permission"}}, {"model": "auth.permission", "pk": 7, "fields": {"name": "Can delete permission", "content_type": 2, "codename": "delete_permission"}}, {"model": "auth.permission", "pk": 8, "fields": {"name": "Can view permission", "content_type": 2, "codename": "view_permission"}}, {"model": "auth.permission", "pk": 9, "fields": {"name": "Can add group", "content_type": 3, "codename": "add_group"}}, {"model": "auth.permission", "pk": 10, "fields": {"name": "Can change group", "content_type": 3, "codename": "change_group"}}, {"model": "auth.permission", "pk": 11, "fields": {"name": "Can delete group", "content_type": 3, "codename": "delete_group"}}, {"model": "auth.permission", "pk": 12, "fields": {"name": "Can view group", "content_type": 3, "codename": "view_group"}}, {"model": "auth.permission", "pk": 13, "fields": {"name": "Can add user", "content_type": 4, "codename": "add_user"}}, {"model": "auth.permission", "pk": 14, "fields": {"name": "Can change user", "content_type": 4, "codename": "change_user"}}, {"model": "auth.permission", "pk": 15, "fields": {"name": "Can delete user", "content_type": 4, "codename": "delete_user"}}, {"model": "auth.permission", "pk": 16, "fields": {"name": "Can view user", "content_type": 4, "codename": "view_user"}}, {"model": "auth.permission", "pk": 17, "fields": {"name": "Can add content type", "content_type": 5, "codename": "add_contenttype"}}, {"model": "auth.permission", "pk": 18, "fields": {"name": "Can change content type", "content_type": 5, "codename": "change_contenttype"}}, {"model": "auth.permission", "pk": 19, "fields": {"name": "Can delete content type", "content_type": 5, "codename": "delete_contenttype"}}, {"model": "auth.permission", "pk": 20, "fields": {"name": "Can view content type", "content_type": 5, "codename": "view_contenttype"}}, {"model": "auth.permission", "pk": 21, "fields": {"name": "Can add session", "content_type": 6, "codename": "add_session"}}, {"model": "auth.permission", "pk": 22, "fields": {"name": "Can change session", "content_type": 6, "codename": "change_session"}}, {"model": "auth.permission", "pk": 23, "fields": {"name": "Can delete session", "content_type": 6, "codename": "delete_session"}}, {"model": "auth.permission", "pk": 24, "fields": {"name": "Can view session", "content_type": 6, "codename": "view_session"}}, {"model": "auth.permission", "pk": 25, "fields": {"name": "Can add Category", "content_type": 7, "codename": "add_category"}}, {"model": "auth.permission", "pk": 26, "fields": {"name": "Can change Category", "content_type": 7, "codename": "change_category"}}, {"model": "auth.permission", "pk": 27, "fields": {"name": "Can delete Category", "content_type": 7, "codename": "delete_category"}}, {"model": "auth.permission", "pk": 28, "fields": {"name": "Can view Category", "content_type": 7, "codename": "view_category"}}, {"model": "auth.permission", "pk": 29, "fields": {"name": "Can add Cart", "content_type": 8, "codename": "add_cart"}}, {"model": "auth.permission", "pk": 30, "fields": {"name": "Can change Cart", "content_type": 8, "codename": "change_cart"}}, {"model": "auth.permission", "pk": 31, "fields": {"name": "Can delete Cart", "content_type": 8, "codename": "delete_cart"}}, {"model": "auth.permission", "pk": 32, "fields": {"name": "Can view Cart", "content_type": 8, "codename": "view_cart"}}, {"model": "auth.permission", "pk": 33, "fields": {"name": "Can add Order", "content_type": 9, "codename": "add_order"}}, {"model": "auth.permission", "pk": 34, "fields": {"name": "Can change Order", "content_type": 9, "codename": "change_order"}}, {"model": "auth.permission", "pk": 35, "fields": {"name": "Can delete Order", "content_type": 9, "codename": "delete_order"}}, {"model": "auth.permission", "pk": 36, "fields": {"name": "Can view Order", "content_type": 9, "codename": "view_order"}}, {"model": "auth.permission", "pk": 37, "fields": {"name": "Can add Product", "content_type": 10, "codename": "add_product"}}, {"model": "auth.permission", "pk": 38, "fields": {"name": "Can change Product", "content_type": 10, "codename": "change_product"}}, {"model": "auth.permission", "pk": 39, "fields": {"name": "Can delete Product", "content_type": 10, "codename": "delete_product"}}, {"model": "auth.permission", "pk": 40, "fields": {"name": "Can view Product", "content_type": 10, "codename": "view_product"}}, {"model": "auth.permission", "pk": 41, "fields": {"name": "Can add Cart product", "content_type": 11, "codename": "add_cart_product"}}, {"model": "auth.permission", "pk": 42, "fields": {"name": "Can change Cart product", "content_type": 11, "codename": "change_cart_product"}}, {"model": "auth.permission", "pk": 43, "fields": {"name": "Can delete Cart product", "content_type": 11, "codename": "delete_cart_product"}}, {"model": "auth.permission", "pk": 44, "fields": {"name": "Can view Cart product", "content_type": 11, "codename": "view_cart_product"}}, {"model": "auth.permission", "pk": 45, "fields": {"name": "Can add Product Additional Image", "content_type": 12, "codename": "add_productadditionalimages"}}, {"model": "auth.permission", "pk": 46, "fields": {"name": "Can change Product Additional Image", "content_type": 12, "codename": "change_productadditionalimages"}}, {"model": "auth.permission", "pk": 47, "fields": {"name": "Can delete Product Additional Image", "content_type": 12, "codename": "delete_productadditionalimages"}}, {"model": "auth.permission", "pk": 48, "fields": {"name": "Can view Product Additional Image", "content_type": 12, "codename": "view_productadditionalimages"}}, {"model": "auth.permission", "pk": 49, "fields": {"name": "Can add rating star", "content_type": 13, "codename": "add_ratingstar"}}, {"model": "auth.permission", "pk": 50, "fields": {"name": "Can change rating star", "content_type": 13, "codename": "change_ratingstar"}}, {"model": "auth.permission", "pk": 51, "fields": {"name": "Can delete rating star", "content_type": 13, "codename": "delete_ratingstar"}}, {"model": "auth.permission", "pk": 52, "fields": {"name": "Can view rating star", "content_type": 13, "codename": "view_ratingstar"}}, {"model": "auth.permission", "pk": 53, "fields": {"name": "Can add Comment", "content_type": 14, "codename": "add_productcomments"}}, {"model": "auth.permission", "pk": 54, "fields": {"name": "Can change Comment", "content_type": 14, "codename": "change_productcomments"}}, {"model": "auth.permission", "pk": 55, "fields": {"name": "Can delete Comment", "content_type": 14, "codename": "delete_productcomments"}}, {"model": "auth.permission", "pk": 56, "fields": {"name": "Can view Comment", "content_type": 14, "codename": "view_productcomments"}}, {"model": "auth.permission", "pk": 57, "fields": {"name": "Can add Comment", "content_type": 14, "codename": "add_productcomment"}}, {"model": "auth.permission", "pk": 58, "fields": {"name": "Can change Comment", "content_type": 14, "codename": "change_productcomment"}}, {"model": "auth.permission", "pk": 59, "fields": {"name": "Can delete Comment", "content_type": 14, "codename": "delete_productcomment"}}, {"model": "auth.permission", "pk": 60, "fields": {"name": "Can view Comment", "content_type": 14, "codename": "view_productcomment"}}, {"model": "auth.user", "pk": 1, "fields": {"password": "pbkdf2_sha256$870000$mnjiiUxorj2bcUsCz7vJfb$7gfZgfCm1oyB1XhvzGORCNTPmkCRZATb4nYeEm66Zls=", "last_login": "2025-08-11T21:39:31.301Z", "is_superuser": true, "username": "mal", "first_name": "", "last_name": "", "email": "", "is_staff": true, "is_active": true, "date_joined": "2025-03-03T22:56:11.055Z", "groups": [], "user_permissions": []}}, {"model": "contenttypes.contenttype", "pk": 1, "fields": {"app_label": "admin", "model": "logentry"}}, {"model": "contenttypes.contenttype", "pk": 2, "fields": {"app_label": "auth", "model": "permission"}}, {"model": "contenttypes.contenttype", "pk": 3, "fields": {"app_label": "auth", "model": "group"}}, {"model": "contenttypes.contenttype", "pk": 4, "fields": {"app_label": "auth", "model": "user"}}, {"model": "contenttypes.contenttype", "pk": 5, "fields": {"app_label": "contenttypes", "model": "contenttype"}}, {"model": "contenttypes.contenttype", "pk": 6, "fields": {"app_label": "sessions", "model": "session"}}, {"model": "contenttypes.contenttype", "pk": 7, "fields": {"app_label": "keyboard", "model": "category"}}, {"model": "contenttypes.contenttype", "pk": 8, "fields": {"app_label": "keyboard", "model": "cart"}}, {"model": "contenttypes.contenttype", "pk": 9, "fields": {"app_label": "keyboard", "model": "order"}}, {"model": "contenttypes.contenttype", "pk": 10, "fields": {"app_label": "keyboard", "model": "product"}}, {"model": "contenttypes.contenttype", "pk": 11, "fields": {"app_label": "keyboard", "model": "cart_product"}}, {"model": "contenttypes.contenttype", "pk": 12, "fields": {"app_label": "keyboard", "model": "productadditionalimages"}}, {"model": "contenttypes.contenttype", "pk": 13, "fields": {"app_label": "keyboard", "model": "ratingstar"}}, {"model": "contenttypes.contenttype", "pk": 14, "fields": {"app_label": "keyboard", "model": "productcomment"}}, {"model": "sessions.session", "pk": "0fxn3qnsuqblykub80a37z1ee4dhpqoj", "fields": {"session_data": ".eJxVjDsOwjAQBe_iGlmx8ZeSPmewdtdrHECOFCcV4u4QKQW0b2beSyTY1pq2zkuasrgIJU6_GwI9uO0g36HdZklzW5cJ5a7Ig3Y5zpmf18P9O6jQ67e2vijvQrRsggmKgo0unEFnABPzYJm8Yx0dF2BEjwS2RDRKqwKEgxPvD9RZOEc:1tpEi3:SeTirCqWS44hefMOvRS5DwrjjopglOjD7le0ZS3Gh10", "expire_date": "2025-03-17T22:56:27.022Z"}}, {"model": "sessions.session", "pk": "3kt2zg70nfin8devfgbcutqugzgux12z", "fields": {"session_data": "e30:1u4P5C:sBkNHdLlx0OT0HhkPfOQzCLlATMA7ySFTFNWPbne6yA", "expire_date": "2025-04-28T19:03:02.823Z"}}, {"model": "sessions.session", "pk": "6x01d8ilqywyzqjzxopkchmgsg9isocp", "fields": {"session_data": "eyJub251c2VyIjoiNDhkNmQ5Y2YtODRiOS00MTRhLThkYzktMGJhZGEwMmUwYjEzIn0:1ulZTD:F4QkoKcqBszG88dLgaBEo1SXGhAFMfAof62fpxxHpCI", "expire_date": "2025-08-25T20:50:15.587Z"}}, {"model": "sessions.session", "pk": "775esam5k68mfbzfdj7wk9dqsajtu8kc", "fields": {"session_data": "e30:1u4P7X:AcFlvP9kU2XXITVoAWOqj0efHrGlJDladOPLJJGmH1s", "expire_date": "2025-04-28T19:05:27.403Z"}}, {"model": "sessions.session", "pk": "78gzlrgknw6vsxz9lsoggsdhvnox5sd6", "fields": {"session_data": "e30:1u9rou:NDHxEpaMTk5LBIfHkX48h5RVhTmvtjqYpVk3_Cm44Fc", "expire_date": "2025-05-13T20:44:48.803Z"}}, {"model": "sessions.session", "pk": "a3adkvyiwr5b1avssko6v0ciw94wcup2", "fields": {"session_data": "e30:1u4OlC:HJGxSb6DcHIZSDend8OTcOA1slp8_sQspIl3_qS1ahI", "expire_date": "2025-04-28T18:42:22.297Z"}}, {"model": "sessions.session", "pk": "airj0og5nvwsyg205jyw98yzpcjblebm", "fields": {"session_data": "e30:1u4Otp:to9TY3B_0V7rhXDV1WEeSjuV8tmQJO4sJGk1YWzJM7g", "expire_date": "2025-04-28T18:51:17.415Z"}}, {"model": "sessions.session", "pk": "bo613rvc5wsv5l0k2eszk93c1ej6s9bo", "fields": {"session_data": ".eJxVjrkOwyAQRP-FOqDFWa6U6fMN1gJLnEMg-aii_HuC5MbtvHmj-Yja6rbwLC7CEEXCgtJ4QIkZWBICSHBQdEigQzDiJEba1mnszvjIf00fs0jpxbWD_KR6byq1us6PqHpF7XRRt5b5fd27h4GJlqm_cUU764Nh9Oh18iZYf6YhE2HIYDg5y0OwXIhjdDGRKSGiHnShFMGK7w_uvEVA:1uFGSF:14VsRO8YkKHhl5-g_8R-pCtl22IQHjTVyldRUfqlH7Q", "expire_date": "2025-05-28T18:03:43.754Z"}}, {"model": "sessions.session", "pk": "d80mlcszxke9zkuozid8qj89j2ly5ewq", "fields": {"session_data": "e30:1u4P2r:ak-hIrndd6wHdlEtZ2HAf4jvPTBXcFjAS9N_f_Vg2l0", "expire_date": "2025-04-28T19:00:37.537Z"}}, {"model": "sessions.session", "pk": "g1pvc7ffdqpyscq3ltonq4bbo2u19qnp", "fields": {"session_data": "e30:1u4P8y:PSkHpauGUauqMUki6ng7gQj2yLxG3kJ6LNnQGFhev1Q", "expire_date": "2025-04-28T19:06:56.085Z"}}, {"model": "sessions.session", "pk": "hddciouqsj5c576qhed4nk9esyhf3eho", "fields": {"session_data": ".eJxVjTcOwzAQBP_C2iSYg0v3foNwRx4tB5CAQmX475YANWp3dna_rPW2zjSxK7MGIVEpXMaE3KJWHFJAHtE4b2UwKkd2YQOsyzjszvAsm6bOGUJ-U9tBeUF7dJF7W6Ynir0iDjqLey_0uR3d08AI87jZLlQVfEyObLRxu3bJRwO6ANhUpKMcPOnkqQIhBszgakKrtKqQUXr2-wMgTUWE:1uWbCG:W_NKydBQdxfvwJfLa8aaTcdVeAAtbgxQUeKsHE5XoPg", "expire_date": "2025-07-15T13:38:52.699Z"}}, {"model": "sessions.session", "pk": "kezv2g6qlikd6sjugnxjgn0rlnrkkxhq", "fields": {"session_data": "e30:1u4OqZ:jhD-b3i7NJRZ2aWrwKo44ySNC3OK4SNMIsmwyQbXXyc", "expire_date": "2025-04-28T18:47:55.500Z"}}, {"model": "sessions.session", "pk": "kigqiul33ls4li3fyjnkl7r7pvrdkrur", "fields": {"session_data": "e30:1u9rpA:MMtfPoXqTSYP4P0fd9RNCQ5z726foljT7ESD7zhOAU4", "expire_date": "2025-05-13T20:45:04.218Z"}}, {"model": "sessions.session", "pk": "kwjjo5t2j2i5wayctrse6gjvdr5s21f0", "fields": {"session_data": "e30:1u4P84:qdvQwNhRgRQcsEvYoXoXG5GjTsMqLLASvo4DkZDNqvQ", "expire_date": "2025-04-28T19:06:00.688Z"}}, {"model": "sessions.session", "pk": "ol9ijeyrwefi88q3aonjjzs44qk4uwla", "fields": {"session_data": "eyJub251c2VyIjoiMTM1Y2RmOWYtOGEwYy00OTY2LWEzZTUtMDVjZTBhMDA3M2Y5In0:1u59VN:H-8aZRMBov0pUlHq5ggqKGkRwQUmy_yxTExC2rN5arg", "expire_date": "2025-04-30T20:37:09.120Z"}}, {"model": "sessions.session", "pk": "q5gw1w1ozon0te1ei6ihdcl7d39soh64", "fields": {"session_data": ".eJxVjDsOwjAQBe_iGlmx8ZeSPmewdtdrHECOFCcV4u4QKQW0b2beSyTY1pq2zkuasrgIJU6_GwI9uO0g36HdZklzW5cJ5a7Ig3Y5zpmf18P9O6jQ67e2vijvQrRsggmKgo0unEFnABPzYJm8Yx0dF2BEjwS2RDRKqwKEgxPvD9RZOEc:1uADwf:jmZUfajvlS1pD4CL6fGb_C6iE6_ijYqa1putytu79pk", "expire_date": "2025-05-14T20:22:17.317Z"}}, {"model": "sessions.session", "pk": "qc6zdz2aphaxeienlj94cugr34io7zpn", "fields": {"session_data": "eyJub251c2VyIjoiMzRmNjE2YzctZTgzOS00OGFhLWI4MmMtN2M0YmRjZjg3OWE2In0:1ulaGn:BOMhH9RzEfYpDOyTY3j9NLEWIXce3wORWAO01R_7C2k", "expire_date": "2025-08-25T21:41:29.377Z"}}, {"model": "sessions.session", "pk": "r4zzmkjx19tcvdklqo5o6fxhnlvscp6h", "fields": {"session_data": "e30:1u4OrQ:C-CriLdZEHBOUKuqkGgbewwd_yH5eG2K5DvRq9BPcsw", "expire_date": "2025-04-28T18:48:48.818Z"}}, {"model": "sessions.session", "pk": "rek8npaxl345muqcpyoc9zqsnqy2gn0t", "fields": {"session_data": ".eJxVjDkOwyAQRe9CHZDBLEPK9DmDNQNDnEUgeami3D225Mbtf-_9r6itrjNP4ipKD7kwZQkBWNqIRsYQtMSgSRvgnAqKixhwXcZhb4Zn3jJ93gjTm-sO8gvro6nU6jI9Se2KOuis7i3z53a4p4MR53GrXSg6eIiOLVjQCVz00KPJiDbmznEKnk30XJCJAiV0JZLVRhdM1Hnx-wO0dkZW:1uRHX1:vK-SsVMVUzDHaSWBZKd3efBsLJQBkQ2wU3NJDQq5FdQ", "expire_date": "2025-06-30T21:38:19.501Z"}}, {"model": "sessions.session", "pk": "scwrekj3pa2epft65bsb6pjkxwbxxvdm", "fields": {"session_data": "e30:1u4Ouk:jfpSe4ak8t-9C7IhExScIHsRCKJUor5DViydR07kJts", "expire_date": "2025-04-28T18:52:14.223Z"}}, {"model": "sessions.session", "pk": "ukbbc61oaqkjt234fo514kpr653sqbnp", "fields": {"session_data": ".eJxVjDcOwzAQBP_C2iKYg0v3foNwdzxZDiABhcrw3y0BatTuzOxX1FbXmSdxFRTJJvSqiw65c4TYpZioU6QNW8pGgxUX0cO6jP3e9M-yZfq8IdCb6w7KC-qjSWp1mZ4od0UedJb3VvhzO9zTwQjzuNU-DjqGlD275JKm5HNIFkwBcLkozxQDmxx4AEaMSOCHjE4bPQChCuL3B1sERdo:1ulaEt:IX2y2ONx8sHImgn3oN9LDlk4zHlp5bADBPrLKB5uRt8", "expire_date": "2025-08-25T21:39:31.305Z"}}, {"model": "sessions.session", "pk": "xapyt8mwqofo0lpqzza1r4fodavt8dgi", "fields": {"session_data": "e30:1u9rpn:BQvW6BKrQD69flIR6ydqHddXquKTh_UBqpiZ7Q-IpZc", "expire_date": "2025-05-13T20:45:43.896Z"}}, {"model": "sessions.session", "pk": "xj0v6a48v0ekcbp77f3r9ykw82jz0byb", "fields": {"session_data": ".eJxVjDsOwjAQBe_imli28ZeSnjNE6901CSBbyqdC3J1ESpP2zcz7itrqOvMkbgKsypSwdMhEnXVgu-i074yywZDxjgqJi-hhXYZ-b_qRtkyftwz45roDekF9NomtLtOY5a7Ig87y0Yg_98M9HQwwD1vtQtHBx-TYRhs1Rpd8vIIhAJtIOcbg2STPBTjnkBFcSdlqowtgVl78_ocARhA:1uWMF7:ZmSvk32AnghV9OEfsu-4Q-Yn5yBaky_2HG5lef2YYoY", "expire_date": "2025-07-14T21:40:49.767Z"}}, {"model": "sessions.session", "pk": "zci8ncbx6br064du0zy2p427zzeih6gs", "fields": {"session_data": ".eJxVjDkOwyAQRe9CHRA7TMr0OYM1wBBnEUheqih3jy25cfvfe__LWm_rTBO7sii9Myp5ThQMt1oVDi5HTlChGoIMMrILG3BdxmFvhmfZMnXeEuY3tR2UF7ZHF7m3ZXomsSvioLO490Kf2-GeDkacx612oargIziy0UaVowMfDeqCaKFIRzl40uCpIqUUUkZXIVmlVcWcpGe_PwS8RXI:1uMBdi:fjqLkcO9DUBjJlKY8UeylVtdk38zk4JtICZ2X1TxiMc", "expire_date": "2025-06-16T20:20:10.163Z"}}, {"model": "keyboard.product", "pk": 2, "fields": {"name": "Nature", "slug": "nature", "description": "Nature keycap", "image": "keyboard_products/nature_keycap.jpg", "price": "79.00", "in_stock": true, "number": 123654, "add_time": "2025-03-14T22:18:28.920Z", "edit_time": "2025-03-14T22:37:29.541Z", "category": 2}}, {"model": "keyboard.product", "pk": 4, "fields": {"name": "Gateron Magnetic Jade Pro", "slug": "gateron-magnetic-jade-pro", "description": "Gateron Magnetic Jade Pro", "image": "keyboard_products/Gateron_Magnetic_Jade_Pro_Switches.jpg", "price": "55.99", "in_stock": true, "number": 567235, "add_time": "2025-03-14T22:53:53.732Z", "edit_time": "2025-06-29T13:02:39.091Z", "category": 3}}, {"model": "keyboard.product", "pk": 5, "fields": {"name": "TILLY 60", "slug": "tilly-60", "description": "The Tilly60 is a 60% layout gasket-mounted mechanical keyboard DIY kit, meticulously crafted using premium aluminum materials, ensuring exceptional durability and a superior feel. This exquisite keyboard combines sleek design with aesthetics, making it the perfect choice for those seeking a high-end experience.\r\n\r\n Offering both HHKB and WK layout options, the compact HHKB layout ensures essential keys are easily accessible, striking a perfect balance between power and minimalism, beloved by enthusiasts of smaller form factors. Compared with HHKB, WK layout is more suitable for ordinary people to use.", "image": "keyboard_products/keyboard_tilly_60.jpg", "price": "245.00", "in_stock": true, "number": 543678, "add_time": "2025-05-29T18:12:25.917Z", "edit_time": "2025-06-02T20:20:57.319Z", "category": 1}}, {"model": "keyboard.product", "pk": 6, "fields": {"name": "ZONEX 75", "slug": "zonex-75", "description": "Zonex 75 is an exploded 75% layout gasket-mounted mechanical keyboard DIY kit. Crafted from full aluminum and following the design standard of IQUNIX Super Series. Combining aesthetics, performance, and utility, Zonex 75's industrial design features an 81-key layout. Separate function keys and lowered arrow keys minimize the risk of accidental presses, resulting in enhanced efficiency.\r\n\r\nThe detachable magnetic feet allow for adjustable typing angles, providing extra comfort and convenience. The intuitive extra media knob enables users to effortlessly control video and music playback, pause, and volume adjustment functions.\r\nAdditionally, there is an ambient indicator light next to the knob, which adds a sense of fashion and uniqueness to the keyboard.\r\n\r\nFeaturing a professional, low-key appearance, the Zonex 75 boasts a highly textured, stylish design that seamlessly integrates into any complex desktop configuration. The harmonious and natural design offers both practicality and aesthetics, making it an excellent choice for an entry-level custom mechanical keyboard.", "image": "keyboard_products/zonex-75.jpg", "price": "215.00", "in_stock": true, "number": 694865, "add_time": "2025-06-02T20:22:28.273Z", "edit_time": "2025-06-02T20:22:28.273Z", "category": 1}}, {"model": "keyboard.product", "pk": 7, "fields": {"name": "Ardbeg 65", "slug": "ardbeg-65", "description": "Ardbeg 65, is the epitome of compact elegance. This keyboard features a 65% layout design that seamlessly combines functionality with space-saving considerations. The stylish form and captivating blend of deep green and emerald green hues evoke a retro charm.\r\n\r\n Impeccable attention to detail is evident in Ardbeg 65's case design, featuring meticulously polished aluminum surfaces. The finely crafted elegant curved surfaces on the front and sides, pair with the prominent green color scheme, making the whole keyboard exudes a vintage sense of sophistication.", "image": "keyboard_products/ardbeg_65.jpg", "price": "239.00", "in_stock": true, "number": 954185, "add_time": "2025-06-02T20:28:47.473Z", "edit_time": "2025-06-02T20:28:47.473Z", "category": 1}}, {"model": "keyboard.product", "pk": 8, "fields": {"name": "Magi65", "slug": "magi65", "description": "Crafted from aerospace-grade aluminum alloy with CNC machining, the Magi65\r\nfeatures an anodized and electrophoretic coating for a premium finish. This ensures stunning\r\naesthetics and protection against scratches, fingerprints, and wear, maintaining its\r\npristine look over time while embodying durability and style.", "image": "keyboard_products/magi_65.jpg", "price": "119.00", "in_stock": true, "number": 594756, "add_time": "2025-06-02T20:37:27.147Z", "edit_time": "2025-06-02T20:37:27.147Z", "category": 1}}, {"model": "keyboard.product", "pk": 9, "fields": {"name": "EZ60/63", "slug": "ez6063", "description": "EZ60/63 is the best keyboard ever.", "image": "keyboard_products/ez_60.jpg", "price": "179.00", "in_stock": true, "number": 185038, "add_time": "2025-06-02T20:53:32.904Z", "edit_time": "2025-06-02T20:53:32.904Z", "category": 1}}, {"model": "keyboard.product", "pk": 10, "fields": {"name": "Gravity Wave", "slug": "gravity-wave", "description": "SPECS\r\n\r\nKeycaps Count: 166\r\nKeycaps Material: PBT\r\nKeycaps Profile: Cherry Profile (Graffiti Diary/Sunset Ponder/Floral Date: QDA Profile)\r\nLegends Printing:  Double-shot (Graffiti Diary/Sunset Ponder/Floral Date: Dye Sublimation)\r\nSpacebar Length: 6.25U\r\nCompatible Switch: 3-pin & 5-pin Switches (Cherry MX and clones)\r\nCompatible Layout: ANSI layout ( 60%, 65%, 75%, TKL, 96%, Full-size )\r\nWeight: Approx. 516g", "image": "keyboard_products/gravity_wave.jpg", "price": "79.00", "in_stock": true, "number": 960421, "add_time": "2025-06-02T21:52:51.703Z", "edit_time": "2025-06-02T21:52:51.703Z", "category": 2}}, {"model": "keyboard.product", "pk": 11, "fields": {"name": "Coral Sea", "slug": "coral-sea", "description": "SPECS\r\n\r\nKeycaps Count: 166\r\nKeycaps Material: PBT\r\nKeycaps Profile: Cherry Profile (Graffiti Diary/Sunset Ponder/Floral Date: QDA Profile)\r\nLegends Printing:  Double-shot (Graffiti Diary/Sunset Ponder/Floral Date: Dye Sublimation)\r\nSpacebar Length: 6.25U\r\nCompatible Switch: 3-pin & 5-pin Switches (Cherry MX and clones)\r\nCompatible Layout: ANSI layout ( 60%, 65%, 75%, TKL, 96%, Full-size )\r\nWeight: Approx. 516g", "image": "keyboard_products/coral_sea.jpg", "price": "79.00", "in_stock": true, "number": 958120, "add_time": "2025-06-02T21:55:04.477Z", "edit_time": "2025-06-02T21:55:04.477Z", "category": 2}}, {"model": "keyboard.product", "pk": 12, "fields": {"name": "Black Tangerine", "slug": "black-tangerine", "description": "SPECS\r\n\r\nKeycaps Count: 166\r\nKeycaps Material: PBT\r\nKeycaps Profile: Cherry Profile (Graffiti Diary/Sunset Ponder/Floral Date: QDA Profile)\r\nLegends Printing:  Double-shot (Graffiti Diary/Sunset Ponder/Floral Date: Dye Sublimation)\r\nSpacebar Length: 6.25U\r\nCompatible Switch: 3-pin & 5-pin Switches (Cherry MX and clones)\r\nCompatible Layout: ANSI layout ( 60%, 65%, 75%, TKL, 96%, Full-size )\r\nWeight: Approx. 516g", "image": "keyboard_products/black_tangerine.jpg", "price": "79.00", "in_stock": true, "number": 957258, "add_time": "2025-06-04T18:00:46.722Z", "edit_time": "2025-06-04T18:00:46.722Z", "category": 2}}, {"model": "keyboard.product", "pk": 13, "fields": {"name": "Moonstone", "slug": "moonstone", "description": "IQUNIX Moonstone\r\nLinear 5-pin\r\nSound: Deep & Thock\r\nOperating Force: 375gf\r\nEnd Force475gf\r\nPretravel2.00.4mm\r\nTotal Travel: 3.70.3mm\r\nDurability: 80 million actuations", "image": "keyboard_products/switch_moonstone.jpg", "price": "18.00", "in_stock": true, "number": 858159, "add_time": "2025-06-04T20:01:47.349Z", "edit_time": "2025-06-04T20:01:47.349Z", "category": 3}}, {"model": "keyboard.product", "pk": 14, "fields": {"name": "Moonstone Turbo", "slug": "moonstone-turbo", "description": "IQUNIX Moonstone Turbo\r\nLinear 5-pin\r\nSound: Deep & Thock\r\nOperating Force: 455gf\r\nEnd Force555gf\r\nPretravel1.00.3mm\r\nTotal Travel: 3.10.3mm\r\nDurability: 80 million actuations", "image": "keyboard_products/switch_moonstone_2.jpg", "price": "18.00", "in_stock": true, "number": 581953, "add_time": "2025-06-04T20:02:37.462Z", "edit_time": "2025-06-04T20:02:37.462Z", "category": 3}}, {"model": "keyboard.productadditionalimages", "pk": 3, "fields": {"product": 5, "image": "additional_images/keyboard_tilly_60_1.jpg"}}, {"model": "keyboard.productadditionalimages", "pk": 4, "fields": {"product": 5, "image": "additional_images/keyboard_tilly_60_2.jpg"}}, {"model": "keyboard.productadditionalimages", "pk": 5, "fields": {"product": 5, "image": "additional_images/keyboard_tilly_60_3.jpg"}}, {"model": "keyboard.productadditionalimages", "pk": 6, "fields": {"product": 6, "image": "additional_images/zonex_75_1.jpg"}}, {"model": "keyboard.productadditionalimages", "pk": 7, "fields": {"product": 6, "image": "additional_images/zonex_75_2.jpg"}}, {"model": "keyboard.productadditionalimages", "pk": 8, "fields": {"product": 6, "image": "additional_images/zonex_75_3.jpg"}}, {"model": "keyboard.productadditionalimages", "pk": 9, "fields": {"product": 8, "image": "additional_images/magi_65_1.jpg"}}, {"model": "keyboard.productadditionalimages", "pk": 10, "fields": {"product": 8, "image": "additional_images/magi_65_2.jpg"}}, {"model": "keyboard.productadditionalimages", "pk": 11, "fields": {"product": 8, "image": "additional_images/magi_65_3.jpg"}}, {"model": "keyboard.productadditionalimages", "pk": 12, "fields": {"product": 8, "image": "additional_images/magi_65_4.jpg"}}, {"model": "keyboard.productadditionalimages", "pk": 13, "fields": {"product": 9, "image": "additional_images/ez_60_1.jpg"}}, {"model": "keyboard.productadditionalimages", "pk": 14, "fields": {"product": 9, "image": "additional_images/ez_60_2.jpg"}}, {"model": "keyboard.productadditionalimages", "pk": 15, "fields": {"product": 9, "image": "additional_images/ez_60_3.jpg"}}, {"model": "keyboard.productadditionalimages", "pk": 16, "fields": {"product": 9, "image": "additional_images/ez_60_4.jpg"}}, {"model": "keyboard.productadditionalimages", "pk": 17, "fields": {"product": 10, "image": "additional_images/gravity_wave_1.jpg"}}, {"model": "keyboard.productadditionalimages", "pk": 18, "fields": {"product": 11, "image": "additional_images/coral_sea_1.jpg"}}, {"model": "keyboard.productadditionalimages", "pk": 19, "fields": {"product": 12, "image": "additional_images/black_tangerine_1.jpg"}}, {"model": "keyboard.productadditionalimages", "pk": 20, "fields": {"product": 4, "image": "additional_images/switch_gateron_1.jpg"}}, {"model": "keyboard.productadditionalimages", "pk": 21, "fields": {"product": 4, "image": "additional_images/switch_gateron_2.jpg"}}, {"model": "keyboard.productadditionalimages", "pk": 22, "fields": {"product": 4, "image": "additional_images/switch_gateron_3.jpg"}}, {"model": "keyboard.productadditionalimages", "pk": 23, "fields": {"product": 13, "image": "additional_images/switch_moonstone_1.jpg"}}, {"model": "keyboard.productadditionalimages", "pk": 24, "fields": {"product": 13, "image": "additional_images/switch_moonstone_2.jpg"}}, {"model": "keyboard.productadditionalimages", "pk": 25, "fields": {"product": 14, "image": "additional_images/switch_moonstone_2_o5hiOIW.jpg"}}, {"model": "keyboard.productadditionalimages", "pk": 26, "fields": {"product": 14, "image": "additional_images/switch_moonstone_1_8RNvaTD.jpg"}}, {"model": "keyboard.productadditionalimages", "pk": 27, "fields": {"product": 7, "image": "additional_images/ardbeg_65_1.jpg"}}, {"model": "keyboard.productadditionalimages", "pk": 28, "fields": {"product": 7, "image": "additional_images/ardbeg_65_2.jpg"}}, {"model": "keyboard.productadditionalimages", "pk": 29, "fields": {"product": 7, "image": "additional_images/ardbeg_65_3jpg.jpg"}}, {"model": "keyboard.productadditionalimages", "pk": 30, "fields": {"product": 2, "image": "additional_images/keycap_nature_1.jpg"}}, {"model": "keyboard.category", "pk": 1, "fields": {"name": "Keyboards", "slug": "keyboards"}}, {"model": "keyboard.category", "pk": 2, "fields": {"name": "Keycaps", "slug": "keycaps"}}, {"model": "keyboard.category", "pk": 3, "fields": {"name": "Switches", "slug": "switches"}}, {"model": "keyboard.cart", "pk": "5079e55e-f8d8-497b-ac84-1b4d7bd2e3dc", "fields": {"owner": null, "session_id": "48d6d9cf-84b9-414a-8dc9-0bada02e0b13"}}, {"model": "keyboard.cart", "pk": "6cae9103-59e1-4946-afba-58301159cde1", "fields": {"owner": 1, "session_id": "8ff882e3-eaaf-4a7d-9b14-ceea2979bb61"}}, {"model": "keyboard.cart", "pk": "a6784f19-3325-44d1-8c3c-26e22347c7a6", "fields": {"owner": null, "session_id": "34f616c7-e839-48aa-b82c-7c4bdcf879a6"}}, {"model": "keyboard.cart", "pk": "a75fc8b6-bbfb-4411-beeb-a4571159b267", "fields": {"owner": null, "session_id": "f38dfebd-878e-49a2-9771-a71b128edcfa"}}, {"model": "keyboard.cart", "pk": "b4a60534-5a39-49e1-a288-3df9629a9dde", "fields": {"owner": null, "session_id": "806531b6-ee73-421d-95c8-e9f9f3e9c908"}}, {"model": "keyboard.cart", "pk": "ddc47ea2-7572-441e-a613-f5ca6e554753", "fields": {"owner": null, "session_id": "34fc9432-a294-4b56-88eb-d9dff4d8559d"}}, {"model": "keyboard.cart_product", "pk": 473, "fields": {"product": 7, "cart": "6cae9103-59e1-4946-afba-58301159cde1", "quantity": 20}}, {"model": "keyboard.cart_product", "pk": 475, "fields": {"product": 6, "cart": "5079e55e-f8d8-497b-ac84-1b4d7bd2e3dc", "quantity": 1}}, {"model": "keyboard.cart_product", "pk": 476, "fields": {"product": 10, "cart": "6cae9103-59e1-4946-afba-58301159cde1", "quantity": 1}}, {"model": "keyboard.cart_product", "pk": 477, "fields": {"product": 6, "cart": "6cae9103-59e1-4946-afba-58301159cde1", "quantity": 1}}, {"model": "keyboard.productcomment", "pk": 1, "fields": {"description": "good keyboard", "rating": 5, "owner": 1, "product": 5, "time_create": "2025-06-18T21:58:52.245Z"}}, {"model": "keyboard.productcomment", "pk": 2, "fields": {"description": "hello", "rating": 5, "owner": 1, "product": 5, "time_create": "2025-06-18T22:09:06.710Z"}}, {"model": "keyboard.productcomment", "pk": 3, "fields": {"description": "qweqweqw", "rating": 3, "owner": 1, "product": 5, "time_create": "2025-06-18T22:09:22.980Z"}}, {"model": "keyboard.productcomment", "pk": 4, "fields": {"description": "qq", "rating": 1, "owner": 1, "product": 5, "time_create": "2025-06-19T12:15:55.433Z"}}, {"model": "keyboard.productcomment", "pk": 5, "fields": {"description": "yooo, its great switches", "rating": 5, "owner": 1, "product": 13, "time_create": "2025-06-20T14:28:51.469Z"}}, {"model": "keyboard.productcomment", "pk": 6, "fields": {"description": "Not bad, but quality could be better (", "rating": 3, "owner": 1, "product": 2, "time_create": "2025-06-20T14:30:18.173Z"}}, {"model": "keyboard.productcomment", "pk": 7, "fields": {"description": "good switches", "rating": 5, "owner": 1, "product": 4, "time_create": "2025-06-21T15:02:16.743Z"}}, {"model": "keyboard.productcomment", "pk": 8, "fields": {"description": "new comment", "rating": 5, "owner": 1, "product": 5, "time_create": "2025-06-22T17:09:12.058Z"}}, {"model": "keyboard.productcomment", "pk": 9, "fields": {"description": "q", "rating": 2, "owner": 1, "product": 5, "time_create": "2025-06-22T17:16:14.831Z"}}, {"model": "keyboard.productcomment", "pk": 10, "fields": {"description": "qq", "rating": 5, "owner": 1, "product": 5, "time_create": "2025-06-22T17:24:00.068Z"}}, {"model": "keyboard.productcomment", "pk": 11, "fields": {"description": "q", "rating": 5, "owner": 1, "product": 5, "time_create": "2025-06-22T17:38:00.358Z"}}, {"model": "keyboard.productcomment", "pk": 12, "fields": {"description": "ww", "rating": 5, "owner": 1, "product": 5, "time_create": "2025-06-22T17:40:19.252Z"}}, {"model": "keyboard.productcomment", "pk": 13, "fields": {"description": "q", "rating": 5, "owner": 1, "product": 5, "time_create": "2025-06-22T17:41:19.216Z"}}, {"model": "keyboard.productcomment", "pk": 14, "fields": {"description": "w", "rating": 5, "owner": 1, "product": 5, "time_create": "2025-06-22T17:43:40.453Z"}}, {"model": "keyboard.productcomment", "pk": 15, "fields": {"description": "qwqw", "rating": 2, "owner": 1, "product": 5, "time_create": "2025-06-24T18:49:11.502Z"}}, {"model": "keyboard.productcomment", "pk": 16, "fields": {"description": "qweqweqwe", "rating": 1, "owner": 1, "product": 5, "time_create": "2025-06-24T18:49:28.783Z"}}, {"model": "keyboard.productcomment", "pk": 17, "fields": {"description": "q", "rating": 3, "owner": 1, "product": 5, "time_create": "2025-06-24T19:07:15.532Z"}}, {"model": "keyboard.productcomment", "pk": 18, "fields": {"description": "qweqwe", "rating": 5, "owner": 1, "product": 5, "time_create": "2025-06-24T19:13:48.577Z"}}, {"model": "keyboard.productcomment", "pk": 19, "fields": {"description": "q", "rating": 1, "owner": 1, "product": 5, "time_create": "2025-06-24T19:49:04.964Z"}}, {"model": "keyboard.productcomment", "pk": 20, "fields": {"description": "fgdgf", "rating": 5, "owner": 1, "product": 5, "time_create": "2025-06-24T19:50:47.983Z"}}, {"model": "keyboard.productcomment", "pk": 21, "fields": {"description": "ww", "rating": 1, "owner": 1, "product": 5, "time_create": "2025-06-24T19:54:13.439Z"}}, {"model": "keyboard.productcomment", "pk": 22, "fields": {"description": "q", "rating": 1, "owner": 1, "product": 5, "time_create": "2025-06-24T19:57:35.934Z"}}, {"model": "keyboard.productcomment", "pk": 23, "fields": {"description": "qqq", "rating": 5, "owner": 1, "product": 5, "time_create": "2025-06-24T20:01:15.080Z"}}, {"model": "keyboard.productcomment", "pk": 24, "fields": {"description": "www", "rating": 2, "owner": 1, "product": 5, "time_create": "2025-06-24T20:03:19.521Z"}}, {"model": "keyboard.productcomment", "pk": 25, "fields": {"description": "hello", "rating": 1, "owner": 1, "product": 5, "time_create": "2025-06-24T20:06:52.456Z"}}, {"model": "keyboard.productcomment", "pk": 26, "fields": {"description": "qweqwe", "rating": 1, "owner": 1, "product": 5, "time_create": "2025-06-24T21:10:22.303Z"}}, {"model": "keyboard.productcomment", "pk": 27, "fields": {"description": "qwewqe", "rating": 3, "owner": 1, "product": 5, "time_create": "2025-06-24T21:16:34.577Z"}}, {"model": "keyboard.productcomment", "pk": 28, "fields": {"description": "ewrwerwr", "rating": 3, "owner": 1, "product": 5, "time_create": "2025-06-24T21:17:01.393Z"}}, {"model": "keyboard.productcomment", "pk": 29, "fields": {"description": "sdfsdfs", "rating": 3, "owner": 1, "product": 5, "time_create": "2025-06-24T21:19:28.810Z"}}, {"model": "keyboard.productcomment", "pk": 30, "fields": {"description": "wer", "rating": 1, "owner": 1, "product": 5, "time_create": "2025-06-24T21:20:01.059Z"}}, {"model": "keyboard.productcomment", "pk": 31, "fields": {"description": "qwewqe", "rating": 2, "owner": 1, "product": 5, "time_create": "2025-06-25T19:15:11.996Z"}}, {"model": "keyboard.productcomment", "pk": 32, "fields": {"description": "sggdfgdfg", "rating": 4, "owner": 1, "product": 5, "time_create": "2025-06-25T19:15:37.201Z"}}, {"model": "keyboard.productcomment", "pk": 33, "fields": {"description": "qq", "rating": 5, "owner": 1, "product": 5, "time_create": "2025-06-25T19:20:53.774Z"}}, {"model": "keyboard.productcomment", "pk": 34, "fields": {"description": "dnfgndfgnmdgmdfnmgn", "rating": 5, "owner": 1, "product": 5, "time_create": "2025-06-25T19:20:58.889Z"}}, {"model": "keyboard.productcomment", "pk": 35, "fields": {"description": "very good keyboard", "rating": 2, "owner": 1, "product": 7, "time_create": "2025-06-25T20:18:51.805Z"}}, {"model": "keyboard.productcomment", "pk": 36, "fields": {"description": "poop", "rating": 1, "owner": 1, "product": 7, "time_create": "2025-06-25T20:19:04.137Z"}}, {"model": "keyboard.productcomment", "pk": 37, "fields": {"description": "yo, perfect", "rating": 4, "owner": 1, "product": 4, "time_create": "2025-06-25T21:03:59.223Z"}}, {"model": "keyboard.productcomment", "pk": 38, "fields": {"description": "new comment with new timezone", "rating": 1, "owner": 1, "product": 4, "time_create": "2025-06-25T21:09:22.525Z"}}, {"model": "keyboard.productcomment", "pk": 39, "fields": {"description": "it works fine", "rating": 1, "owner": 1, "product": 4, "time_create": "2025-06-25T21:09:38.633Z"}}, {"model": "keyboard.productcomment", "pk": 40, "fields": {"description": "sag", "rating": 1, "owner": 1, "product": 14, "time_create": "2025-06-25T21:19:50.719Z"}}, {"model": "keyboard.productcomment", "pk": 41, "fields": {"description": "qqq", "rating": 3, "owner": 1, "product": 5, "time_create": "2025-06-26T18:35:25.362Z"}}, {"model": "keyboard.productcomment", "pk": 42, "fields": {"description": "very good", "rating": 1, "owner": 1, "product": 5, "time_create": "2025-06-26T20:22:23.570Z"}}, {"model": "keyboard.productcomment", "pk": 43, "fields": {"description": "qq", "rating": 1, "owner": 1, "product": 5, "time_create": "2025-06-26T20:28:15.064Z"}}, {"model": "keyboard.productcomment", "pk": 44, "fields": {"description": "comment1", "rating": 1, "owner": 1, "product": 6, "time_create": "2025-06-29T13:39:55.608Z"}}, {"model": "keyboard.productcomment", "pk": 45, "fields": {"description": "comment2", "rating": 2, "owner": 1, "product": 6, "time_create": "2025-06-29T13:45:49.306Z"}}, {"model": "keyboard.productcomment", "pk": 46, "fields": {"description": "comment3", "rating": 5, "owner": 1, "product": 6, "time_create": "2025-06-29T13:53:08.883Z"}}, {"model": "keyboard.productcomment", "pk": 47, "fields": {"description": "comment4", "rating": 1, "owner": 1, "product": 6, "time_create": "2025-06-29T14:02:42.768Z"}}, {"model": "keyboard.productcomment", "pk": 48, "fields": {"description": "comment5", "rating": 2, "owner": 1, "product": 6, "time_create": "2025-06-29T17:06:13.205Z"}}, {"model": "keyboard.productcomment", "pk": 49, "fields": {"description": "comment6", "rating": 3, "owner": 1, "product": 6, "time_create": "2025-06-29T17:12:59.197Z"}}, {"model": "keyboard.productcomment", "pk": 50, "fields": {"description": "comment7", "rating": 1, "owner": 1, "product": 6, "time_create": "2025-06-29T17:13:50.315Z"}}, {"model": "keyboard.productcomment", "pk": 51, "fields": {"description": "com8", "rating": 5, "owner": 1, "product": 6, "time_create": "2025-06-29T17:15:13.220Z"}}, {"model": "keyboard.productcomment", "pk": 52, "fields": {"description": "com9", "rating": 5, "owner": 1, "product": 6, "time_create": "2025-06-29T17:19:34.266Z"}}, {"model": "keyboard.productcomment", "pk": 53, "fields": {"description": "com10", "rating": 5, "owner": 1, "product": 6, "time_create": "2025-06-29T17:24:57.255Z"}}, {"model": "keyboard.productcomment", "pk": 54, "fields": {"description": "q", "rating": 5, "owner": 1, "product": 5, "time_create": "2025-06-30T19:38:04.563Z"}}, {"model": "keyboard.productcomment", "pk": 55, "fields": {"description": "qw", "rating": 2, "owner": 1, "product": 5, "time_create": "2025-06-30T20:55:22.622Z"}}, {"model": "keyboard.productcomment", "pk": 56, "fields": {"description": "comment", "rating": 5, "owner": 1, "product": 5, "time_create": "2025-06-30T20:57:07.838Z"}}, {"model": "keyboard.productcomment", "pk": 57, "fields": {"description": "1", "rating": 5, "owner": 1, "product": 5, "time_create": "2025-06-30T21:10:41.055Z"}}, {"model": "keyboard.productcomment", "pk": 58, "fields": {"description": "w", "rating": 5, "owner": 1, "product": 5, "time_create": "2025-06-30T21:10:54.563Z"}}, {"model": "keyboard.productcomment", "pk": 59, "fields": {"description": "q", "rating": 5, "owner": 1, "product": 5, "time_create": "2025-06-30T21:24:33.437Z"}}, {"model": "keyboard.productcomment", "pk": 60, "fields": {"description": "awe", "rating": 5, "owner": 1, "product": 5, "time_create": "2025-06-30T21:32:43.288Z"}}, {"model": "keyboard.productcomment", "pk": 61, "fields": {"description": "qweqweq", "rating": 5, "owner": 1, "product": 5, "time_create": "2025-06-30T21:35:16.995Z"}}, {"model": "keyboard.productcomment", "pk": 62, "fields": {"description": "qweqwe", "rating": 2, "owner": 1, "product": 7, "time_create": "2025-06-30T21:41:06.906Z"}}, {"model": "keyboard.productcomment", "pk": 63, "fields": {"description": "1", "rating": 1, "owner": 1, "product": 7, "time_create": "2025-07-01T13:46:15.582Z"}}, {"model": "keyboard.productcomment", "pk": 64, "fields": {"description": "5", "rating": 5, "owner": 1, "product": 7, "time_create": "2025-07-01T13:51:36.405Z"}}, {"model": "keyboard.productcomment", "pk": 65, "fields": {"description": "qweq", "rating": 1, "owner": 1, "product": 7, "time_create": "2025-07-01T13:56:13.607Z"}}, {"model": "keyboard.productcomment", "pk": 66, "fields": {"description": "qw", "rating": 2, "owner": 1, "product": 7, "time_create": "2025-07-01T15:03:01.960Z"}}, {"model": "keyboard.productcomment", "pk": 67, "fields": {"description": "pdf", "rating": 1, "owner": 1, "product": 7, "time_create": "2025-07-01T15:18:24.376Z"}}, {"model": "keyboard.productcomment", "pk": 68, "fields": {"description": "1", "rating": 1, "owner": 1, "product": 7, "time_create": "2025-07-01T19:59:26.691Z"}}, {"model": "keyboard.productcomment", "pk": 69, "fields": {"description": "1", "rating": 1, "owner": 1, "product": 6, "time_create": "2025-07-01T20:20:04.384Z"}}, {"model": "keyboard.productcomment", "pk": 70, "fields": {"description": "2", "rating": 2, "owner": 1, "product": 6, "time_create": "2025-07-01T20:20:45.224Z"}}, {"model": "keyboard.productcomment", "pk": 71, "fields": {"description": "2", "rating": 2, "owner": 1, "product": 6, "time_create": "2025-07-01T20:20:58.679Z"}}, {"model": "keyboard.productcomment", "pk": 72, "fields": {"description": "3", "rating": 3, "owner": 1, "product": 6, "time_create": "2025-07-01T20:24:20.587Z"}}, {"model": "keyboard.productcomment", "pk": 73, "fields": {"description": "1", "rating": 5, "owner": 1, "product": 6, "time_create": "2025-07-01T20:24:38.018Z"}}, {"model": "keyboard.productcomment", "pk": 74, "fields": {"description": "1", "rating": 1, "owner": 1, "product": 6, "time_create": "2025-07-01T20:25:57.486Z"}}, {"model": "keyboard.productcomment", "pk": 75, "fields": {"description": "1", "rating": 2, "owner": 1, "product": 6, "time_create": "2025-07-01T20:26:31.684Z"}}, {"model": "keyboard.productcomment", "pk": 76, "fields": {"description": "1", "rating": 5, "owner": 1, "product": 6, "time_create": "2025-07-01T20:27:33.902Z"}}, {"model": "keyboard.productcomment", "pk": 77, "fields": {"description": "great quality", "rating": 5, "owner": 1, "product": 7, "time_create": "2025-07-01T20:31:49.529Z"}}, {"model": "keyboard.productcomment", "pk": 78, "fields": {"description": "woooow amazing keyboard", "rating": 3, "owner": 1, "product": 7, "time_create": "2025-07-01T20:32:34.963Z"}}, {"model": "keyboard.productcomment", "pk": 79, "fields": {"description": "super", "rating": 5, "owner": 1, "product": 7, "time_create": "2025-07-01T20:32:52.872Z"}}, {"model": "keyboard.productcomment", "pk": 80, "fields": {"description": "1", "rating": 1, "owner": 1, "product": 7, "time_create": "2025-07-01T20:58:39.446Z"}}, {"model": "keyboard.productcomment", "pk": 81, "fields": {"description": "2", "rating": 2, "owner": 1, "product": 7, "time_create": "2025-07-01T21:06:59.651Z"}}, {"model": "keyboard.productcomment", "pk": 82, "fields": {"description": "3", "rating": 3, "owner": 1, "product": 7, "time_create": "2025-07-01T21:07:18.562Z"}}, {"model": "keyboard.productcomment", "pk": 83, "fields": {"description": "4", "rating": 4, "owner": 1, "product": 7, "time_create": "2025-07-01T21:10:00.200Z"}}, {"model": "keyboard.productcomment", "pk": 84, "fields": {"description": "5", "rating": 5, "owner": 1, "product": 7, "time_create": "2025-07-01T21:21:12.907Z"}}, {"model": "keyboard.productcomment", "pk": 85, "fields": {"description": "1", "rating": 1, "owner": 1, "product": 7, "time_create": "2025-07-01T21:37:00.907Z"}}, {"model": "keyboard.productcomment", "pk": 86, "fields": {"description": "2", "rating": 2, "owner": 1, "product": 7, "time_create": "2025-07-01T21:37:40.358Z"}}, {"model": "keyboard.productcomment", "pk": 87, "fields": {"description": "1", "rating": 1, "owner": 1, "product": 7, "time_create": "2025-07-01T21:52:34.949Z"}}, {"model": "keyboard.productcomment", "pk": 88, "fields": {"description": "2", "rating": 2, "owner": 1, "product": 7, "time_create": "2025-07-01T21:54:43.906Z"}}, {"model": "keyboard.productcomment", "pk": 89, "fields": {"description": "the best", "rating": 4, "owner": 1, "product": 9, "time_create": "2025-07-01T21:57:40.240Z"}}, {"model": "keyboard.productcomment", "pk": 90, "fields": {"description": "awesome", "rating": 5, "owner": 1, "product": 9, "time_create": "2025-07-01T21:58:11.029Z"}}, {"model": "keyboard.productcomment", "pk": 91, "fields": {"description": "1", "rating": 1, "owner": 1, "product": 9, "time_create": "2025-07-01T22:01:07.980Z"}}, {"model": "keyboard.productcomment", "pk": 92, "fields": {"description": "wow", "rating": 5, "owner": 1, "product": 9, "time_create": "2025-07-01T22:02:43.742Z"}}, {"model": "keyboard.productcomment", "pk": 93, "fields": {"description": "new post with ajax", "rating": 2, "owner": 1, "product": 9, "time_create": "2025-07-02T17:43:53.923Z"}}, {"model": "keyboard.productcomment", "pk": 94, "fields": {"description": "hello comment", "rating": 3, "owner": 1, "product": 9, "time_create": "2025-07-02T17:45:59.978Z"}}, {"model": "keyboard.productcomment", "pk": 95, "fields": {"description": "comment", "rating": 2, "owner": 1, "product": 9, "time_create": "2025-07-02T19:09:43.067Z"}}, {"model": "keyboard.productcomment", "pk": 96, "fields": {"description": "com", "rating": 5, "owner": 1, "product": 9, "time_create": "2025-07-02T19:10:29.148Z"}}, {"model": "keyboard.productcomment", "pk": 97, "fields": {"description": "com1", "rating": 5, "owner": 1, "product": 9, "time_create": "2025-07-02T19:10:36.554Z"}}, {"model": "keyboard.productcomment", "pk": 98, "fields": {"description": "com12", "rating": 5, "owner": 1, "product": 9, "time_create": "2025-07-02T19:10:44.541Z"}}]